,PM25,PM10,O3,CO,NO2,SO2,WS,TEMP,RH,WD
0,30.3,47.0,6.0,0.5,9.0,0.0,0,25,92,232
1,37.7,65.0,5.0,0.41,5.0,0.0,0,25,93,272
2,50.9,78.0,9.0,0.29,2.0,0.0,0,25,94,248
3,45.1,66.0,9.0,0.38,2.0,0.34,0,25,93,269
4,38.1,59.0,6.0,0.31,7.11,0.0,0,25,93,272
5,36.0,50.0,16.56,0.41,4.0,0.0,0,24,94,260
6,36.0,52.0,2.0,0.43,5.0,0.0,0,25,94,244
7,34.9,58.0,4.0,0.5,6.0,0.0,0,25,92,313
8,30.4,52.0,16.0,0.28,4.0,0.0,0,29,78,114
9,25.8,54.0,21.0,0.19,3.0,0.0,1,30,72,145
10,19.7,44.0,23.0,0.18,3.0,0.0,1,31,67,107
11,14.1,41.0,27.0,0.18,3.0,0.0,1,32,60,91
12,10.2,35.0,28.0,0.17,2.0,0.0,1,32,60,91
13,7.4,30.0,26.0,0.17,2.0,0.0,1,32,61,90
14,5.5,36.0,24.0,0.17,3.0,1.0,1,32,61,115
15,4.2,28.0,24.0,0.16,2.0,0.0,1,31,63,138
16,3.4,24.0,23.0,0.18,4.0,1.0,1,31,64,130
17,2.9,30.0,20.0,0.23,6.0,1.0,1,30,70,128
18,8.0,38.0,15.0,0.25,8.0,0.0,1,28,79,137
19,7.4,37.0,13.0,0.33,10.0,0.0,0,27,81,140
20,13.3,34.0,4.0,0.44,10.0,0.0,0,26,89,265
21,17.9,38.0,5.0,0.41,10.0,0.0,0,26,89,292
22,24.6,49.0,6.0,0.38,7.0,0.0,0,26,90,244
23,33.4,65.0,5.0,0.33,5.0,0.0,0,25,91,290
24,35.9,75.0,4.0,0.35,5.0,0.0,0,25,93,267
25,30.7,63.0,1.0,0.37,4.0,0.0,0,25,93,252
26,27.8,59.0,2.0,0.38,3.0,0.34,0,24,94,244
27,25.4,52.0,2.0,0.33,7.11,0.0,0,24,93,328
28,22.7,44.0,16.56,0.35,5.0,0.0,0,24,94,260
29,16.4,40.0,1.0,0.35,5.0,0.0,0,24,94,262
30,12.4,39.0,1.0,0.5,6.0,0.0,0,24,94,255
31,16.5,58.0,1.0,0.66,11.0,0.0,0,25,91,258
32,13.6,47.0,6.0,0.43,8.0,0.0,0,27,83,285
33,9.9,45.0,21.0,0.22,4.0,0.0,1,30,69,161
34,7.2,42.0,27.0,0.21,3.0,0.0,1,31,64,121
35,5.3,42.0,27.0,0.21,3.0,0.0,1,32,62,116
36,4.1,32.0,32.0,0.19,2.0,0.0,2,33,55,76
37,3.3,30.0,32.0,0.25,3.0,0.0,1,33,54,84
38,3.8,26.0,30.0,0.24,3.0,0.0,2,33,55,77
39,5.4,35.0,29.0,0.22,5.0,0.0,1,33,54,85
40,4.1,30.0,27.0,0.28,9.0,0.0,1,33,56,85
41,5.9,37.0,27.0,0.31,7.0,0.0,1,31,61,76
42,7.9,42.0,21.0,0.32,8.0,0.0,1,29,72,132
43,9.4,43.0,18.0,0.38,12.0,0.0,0,28,75,121
44,15.6,34.0,17.0,0.38,11.0,0.0,0,27,80,145
45,20.2,41.0,6.0,0.5,11.0,0.0,0,26,87,227
46,21.3,44.0,6.0,0.51,9.0,0.0,0,26,88,243
47,23.9,49.0,4.0,0.49,7.0,0.0,0,26,90,241
48,24.7,47.0,5.0,0.41,5.0,0.0,0,25,91,283
49,22.2,44.0,4.0,0.38,3.0,0.34,0,25,92,222
50,25.4,51.0,5.0,0.33,7.11,0.0,0,24,93,225
51,22.3,43.0,16.56,0.31,3.0,0.0,0,24,93,272
52,20.9,44.0,4.0,0.33,4.0,0.0,0,24,93,311
53,13.7,42.0,2.0,0.37,4.0,0.0,0,24,93,250
54,12.4,41.0,1.0,0.49,6.0,0.0,0,24,93,282
55,6.9,37.0,2.0,0.72,12.0,0.0,0,25,91,258
56,13.4,49.0,14.0,0.84,8.0,0.34,1,27,82,264
57,9.7,53.0,29.0,0.28,4.0,0.0,0,30,67,84
58,7.1,44.0,34.0,0.25,4.0,0.0,1,32,60,75
59,5.3,39.0,34.0,0.23,4.0,0.0,1,32,58,85
60,7.4,40.0,34.0,0.22,3.0,0.0,1,32,58,81
61,6.1,32.0,32.0,0.24,3.0,0.0,1,33,55,115
62,5.6,32.0,30.0,0.27,6.0,0.0,1,32,55,128
63,5.2,34.0,28.0,0.25,7.0,0.0,1,33,54,116
64,6.7,39.0,24.0,0.29,9.0,0.0,1,33,56,102
65,9.8,31.0,21.0,0.32,9.0,0.0,1,31,64,106
66,11.8,32.0,17.0,0.39,11.0,0.0,1,29,70,124
67,17.9,33.0,18.0,0.35,11.0,0.0,0,28,74,135
68,19.1,34.0,6.0,0.53,15.0,0.0,0,27,84,232
69,19.16,38.0,2.0,0.73,13.0,0.0,0,26,88,244
70,23.6,48.0,2.0,0.69,10.0,0.0,0,26,89,244
71,24.5,57.0,4.0,0.55,7.0,0.0,0,25,90,242
72,32.7,63.0,6.0,0.38,4.0,0.34,0,25,90,258
73,25.8,51.0,5.0,0.35,7.11,0.0,0,25,90,231
74,23.5,51.0,16.56,0.3,2.0,0.0,0,25,91,275
75,19.6,40.0,5.0,0.28,2.0,0.0,0,25,91,237
76,18.8,40.0,3.0,0.3,3.0,0.0,0,24,92,289
77,21.5,49.0,4.0,0.29,4.0,0.0,0,24,92,294
78,28.8,42.0,1.0,0.49,7.0,0.0,0,24,93,279
79,18.5,47.0,1.0,0.81,15.0,0.0,0,25,90,271
80,20.7,57.0,10.0,0.46,9.0,0.0,0,28,80,269
81,24.6,54.0,29.0,0.37,8.0,0.0,0,30,68,12
82,9.9,47.0,36.0,0.27,4.0,0.0,1,31,61,70
83,6.4,39.0,32.0,0.29,6.0,0.0,1,31,63,101
84,3.5,42.0,35.0,0.26,3.0,0.0,1,33,58,78
85,4.2,37.0,30.0,0.28,4.0,1.0,1,32,62,103
86,17.4,38.0,26.0,0.29,6.0,1.0,1,31,63,95
87,16.3,42.0,28.0,0.29,5.0,1.0,1,32,61,98
88,12.1,43.0,23.0,0.35,11.0,1.0,1,31,64,94
89,23.1,50.0,24.0,0.39,9.0,0.0,1,30,67,115
90,14.9,40.0,21.0,0.4,10.0,1.0,0,29,73,119
91,22.1,45.0,23.0,0.37,9.0,0.0,0,28,76,143
92,20.3,46.0,13.0,0.46,12.0,0.0,0,27,84,155
93,19.0,37.0,12.0,0.46,10.0,0.0,0,27,85,206
94,26.7,51.0,16.0,0.38,6.0,0.0,0,27,85,137
95,18.2,54.0,25.0,0.38,3.0,0.34,0,26,85,237
96,24.4,42.0,15.0,0.35,7.11,0.0,0,26,90,298
97,25.1,48.0,16.56,0.42,5.0,1.0,0,26,90,296
98,30.6,43.0,6.0,0.44,6.0,1.0,0,26,91,268
99,36.2,57.0,13.0,0.33,2.0,1.0,1,25,93,184
100,24.1,46.0,23.0,0.24,2.0,1.0,1,24,94,246
101,20.7,41.0,19.0,0.32,4.0,1.0,1,24,94,344
102,17.5,34.0,22.0,0.35,7.0,1.0,0,25,95,19
103,15.3,28.0,9.0,0.76,25.0,1.0,1,25,95,319
104,19.1,34.0,16.0,0.54,15.0,0.0,1,26,88,334
105,20.1,35.0,25.0,0.48,9.0,0.0,1,28,81,344
106,17.2,35.0,31.0,0.34,11.0,1.0,1,30,71,58
107,19.7,38.0,38.0,0.28,4.0,0.0,1,31,67,72
108,11.9,34.0,38.0,0.28,4.0,1.0,1,30,70,73
109,12.5,39.0,34.0,0.3,5.0,1.0,1,30,70,83
110,15.1,43.0,33.0,0.31,5.0,1.0,1,31,64,97
111,12.8,42.0,32.0,0.36,9.0,1.0,1,31,62,106
112,11.4,40.0,25.0,0.44,20.0,1.0,1,26,79,77
113,16.7,53.0,10.0,0.71,32.0,1.0,0,27,78,345
114,22.0,61.0,9.0,0.65,24.0,1.0,0,26,82,337
115,30.0,65.0,18.0,0.55,16.0,1.0,0,25,87,57
116,28.4,61.0,32.0,0.31,7.0,0.0,1,25,95,82
117,24.2,47.0,28.0,0.3,7.0,0.0,1,25,92,309
118,14.3,40.0,27.0,0.38,5.0,0.34,1,25,92,323
119,11.8,39.0,22.0,0.32,7.11,1.0,0,25,92,326
120,12.2,33.0,16.56,0.32,6.0,0.0,1,25,92,347
121,13.4,36.0,15.0,0.29,3.0,0.0,1,25,90,347
122,15.9,46.0,12.0,0.35,6.0,0.0,0,25,91,334
123,23.0,42.0,7.0,0.42,8.0,0.0,0,25,91,317
124,22.3,40.0,7.0,0.37,4.0,0.0,0,24,93,220
125,15.3,45.0,5.0,0.4,4.0,0.0,0,24,94,194
126,23.8,44.0,3.0,0.56,10.0,0.0,0,24,95,320
127,18.9,48.0,4.0,0.71,14.0,0.0,1,25,92,292
128,30.3,51.0,20.0,0.59,16.0,0.0,1,27,83,269
129,23.1,59.0,40.0,0.42,9.0,0.0,1,30,70,69
130,12.5,62.0,45.0,0.36,8.0,0.0,2,30,68,62
131,23.8,57.0,46.0,0.36,9.0,0.0,2,31,64,60
132,26.6,54.0,44.0,0.39,12.0,0.0,2,32,60,64
133,27.6,57.0,43.0,0.35,9.0,0.0,2,32,59,77
134,23.4,48.0,44.0,0.33,4.0,0.0,2,32,59,94
135,24.5,53.0,36.0,0.36,7.0,0.0,1,29,70,114
136,29.4,63.0,36.0,0.37,7.0,0.0,1,31,66,72
137,28.3,61.0,34.0,0.45,9.0,0.0,1,30,71,69
138,30.6,69.0,28.0,0.58,17.0,0.0,0,28,76,68
139,31.5,72.0,16.0,0.77,15.0,0.0,0,27,84,347
140,34.4,79.0,10.0,0.77,18.0,0.0,0,27,84,334
141,35.3,81.0,6.0,0.38,14.0,0.34,0,26,90,292
142,36.9,85.0,5.0,0.79,7.11,0.0,0,26,91,306
143,36.3,82.0,16.56,0.71,11.0,0.0,0,25,92,327
144,33.9,78.0,6.0,0.62,10.0,0.0,0,25,92,322
145,32.3,74.0,2.0,0.6,8.0,0.0,0,25,94,246
146,30.0,69.0,1.0,0.56,7.0,0.0,0,24,95,293
147,31.1,69.0,3.0,0.42,7.0,0.0,1,25,89,348
148,26.6,59.0,5.0,0.36,8.0,0.0,1,25,86,334
149,23.4,52.0,7.0,0.38,8.0,0.0,0,25,83,349
150,21.6,49.0,5.0,0.43,9.0,0.0,0,25,88,350
151,18.8,40.0,7.0,0.55,11.0,0.0,1,25,87,6
152,19.8,42.0,12.0,0.56,8.0,0.0,1,27,84,360
153,30.6,64.0,30.0,0.35,6.0,0.0,2,29,77,358
154,30.3,62.0,44.0,0.38,8.0,0.0,2,30,72,33
155,26.7,54.0,45.0,0.34,7.0,0.0,2,30,70,50
156,27.2,55.0,45.0,0.33,9.0,0.0,2,31,66,49
157,24.0,48.0,44.0,0.32,5.0,0.0,2,30,68,58
158,24.7,50.0,40.0,0.32,5.0,0.0,2,30,68,53
159,23.7,48.0,39.0,0.32,5.0,0.0,2,30,68,59
160,20.3,41.0,36.0,0.36,7.0,0.0,2,30,70,55
161,23.5,50.0,32.0,0.38,8.0,0.0,1,28,76,88
162,26.0,55.0,24.0,0.35,6.0,0.0,2,26,88,211
163,19.0,41.0,20.0,0.4,7.0,0.0,1,26,94,228
164,17.4,38.0,19.0,0.38,7.0,0.34,1,25,96,195
165,17.5,38.0,28.0,0.33,7.11,0.0,1,25,98,276
166,13.8,31.0,16.56,0.32,4.0,0.0,0,24,98,285
167,14.9,34.0,19.0,0.32,4.0,0.0,0,24,98,271
168,12.2,28.0,14.0,0.38,4.0,0.0,0,24,98,233
169,14.9,34.0,11.0,0.36,3.0,0.0,0,24,99,220
170,12.6,28.0,10.0,0.36,2.0,0.0,0,24,99,215
171,17.4,39.0,9.0,0.31,2.0,0.0,0,24,98,248
172,15.5,36.0,9.0,0.4,5.0,0.0,0,24,98,323
173,15.2,35.0,5.0,0.52,7.0,0.0,0,24,97,291
174,17.8,41.0,4.0,0.65,11.0,0.0,0,24,97,324
175,20.2,46.0,3.0,1.34,24.0,0.0,0,25,96,320
176,25.6,57.0,9.0,0.9,21.0,0.0,0,28,85,345
177,26.1,56.0,21.0,0.3,6.0,0.0,1,31,69,96
178,28.9,61.0,24.0,0.2,3.0,0.0,1,31,64,104
179,24.4,49.0,25.0,0.18,3.0,0.0,2,32,59,98
180,21.8,43.0,26.0,0.17,2.0,0.0,2,32,59,83
181,20.7,39.0,25.0,0.19,3.0,0.0,2,31,64,68
182,21.5,43.0,21.0,0.24,6.0,0.0,1,29,78,66
183,22.3,46.0,19.0,0.28,10.0,0.0,1,29,79,62
184,17.8,36.0,16.0,0.26,8.0,0.0,1,31,66,97
185,18.4,39.0,16.0,0.29,8.0,0.0,1,30,69,97
186,21.0,47.0,12.0,0.42,12.0,0.0,0,28,76,99
187,22.4,51.0,11.0,0.38,12.0,0.34,0,26,85,77
188,21.5,49.0,1.0,0.56,7.11,0.0,0,26,91,337
189,22.2,51.0,16.56,0.73,14.0,0.0,0,26,91,334
190,24.9,57.0,1.0,0.71,10.0,0.0,0,25,93,223
191,28.4,65.0,1.0,0.64,11.0,0.0,0,25,93,208
192,29.5,68.0,1.0,0.59,7.0,0.0,0,25,94,236
193,28.2,65.0,1.0,0.38,5.0,0.0,0,25,94,290
194,25.3,58.0,0.0,0.41,4.0,0.0,0,24,95,258
195,23.0,53.0,1.0,0.36,3.0,0.0,0,24,96,247
196,24.3,56.0,2.0,0.36,3.0,0.0,0,24,96,257
197,24.9,57.0,2.0,0.45,5.0,0.0,0,24,95,310
198,24.3,56.0,1.0,0.82,9.0,0.0,0,24,95,63
199,26.5,61.0,1.0,1.25,17.0,1.0,0,24,93,262
200,29.8,67.0,3.0,0.66,14.0,0.0,0,26,87,269
201,34.8,78.0,15.0,0.41,14.0,0.0,0,29,77,187
202,31.4,69.0,24.0,0.25,6.0,0.0,1,29,74,125
203,28.8,63.0,28.0,0.19,4.0,0.0,1,30,71,96
204,24.1,51.0,34.0,0.18,6.0,0.0,1,31,64,74
205,20.0,40.0,33.0,0.19,5.0,0.0,2,32,59,60
206,20.4,41.0,35.0,0.19,3.0,1.0,2,33,58,70
207,20.4,42.0,32.0,0.21,6.0,1.0,1,33,58,63
208,21.0,42.0,31.0,0.26,9.0,1.0,2,32,60,59
209,20.9,42.0,24.0,0.37,14.0,1.0,2,30,70,48
210,24.1,52.0,24.0,0.38,10.0,0.34,1,29,75,89
211,17.0,36.0,25.0,0.3,7.11,1.0,1,27,89,68
212,17.0,38.0,16.56,0.32,10.0,0.0,0,26,93,46
213,16.0,36.0,14.0,0.34,9.0,0.0,0,26,95,290
214,14.4,32.0,12.0,0.34,6.0,0.0,0,25,96,274
215,12.1,27.0,11.0,0.31,4.0,0.0,0,25,95,281
216,11.0,25.0,7.0,0.31,5.0,0.0,0,25,96,2
217,13.3,30.0,5.0,0.4,8.0,0.0,0,25,94,0
218,21.3,48.0,5.0,0.39,7.0,0.0,0,25,94,267
219,14.6,33.0,4.0,0.32,4.0,0.0,0,24,96,300
220,12.0,27.0,2.0,0.45,7.0,0.0,0,24,96,302
221,13.6,31.0,1.0,0.66,11.0,0.0,0,24,96,332
222,18.3,41.0,3.0,0.59,12.0,0.0,0,24,95,355
223,19.8,42.0,6.0,0.57,13.0,0.0,1,25,91,348
224,20.9,43.0,18.0,0.35,8.0,0.0,1,28,81,351
225,21.8,45.0,25.0,0.23,5.0,0.0,1,30,73,24
226,19.8,40.0,28.0,0.18,4.0,0.0,2,31,64,61
227,17.3,32.0,31.0,0.16,4.0,0.0,2,32,61,60
228,14.2,27.0,31.0,0.15,3.0,0.0,2,31,61,76
229,14.5,29.0,24.0,0.17,4.0,0.0,1,31,65,120
230,15.3,32.0,17.0,0.17,4.0,0.0,1,28,82,91
231,13.6,28.0,16.0,0.18,6.0,0.0,1,30,73,84
232,13.6,27.0,13.0,0.24,10.0,0.0,1,30,72,68
233,15.3,33.0,12.0,0.38,10.0,0.34,1,29,75,72
234,12.4,27.0,11.0,0.37,7.11,0.0,0,28,79,82
235,15.4,35.0,16.56,0.5,14.0,0.0,0,27,86,71
236,20.8,48.0,2.0,0.47,12.0,0.0,0,26,90,174
237,15.9,37.0,1.0,0.55,10.0,0.0,0,26,93,244
238,15.9,37.0,1.0,0.53,9.0,0.0,0,26,93,260
239,16.7,38.0,2.0,0.41,7.0,0.0,0,26,93,218
240,17.1,39.0,1.0,0.43,5.0,0.0,0,25,94,227
241,20.7,47.0,1.0,0.36,4.0,0.0,0,25,95,255
242,18.9,43.0,2.0,0.27,3.0,0.0,0,25,94,243
243,18.3,42.0,2.0,0.29,4.0,0.0,0,25,95,292
244,16.1,37.0,3.0,0.26,3.0,0.0,0,24,95,255
245,15.2,35.0,3.0,0.3,4.0,0.0,0,24,94,257
246,13.7,31.0,2.0,0.48,6.0,0.0,0,24,95,289
247,13.5,31.0,1.0,0.92,15.0,0.0,0,25,92,307
248,26.9,61.0,5.0,0.53,11.0,0.0,0,28,81,290
249,27.0,59.0,14.0,0.18,5.0,0.0,0,30,69,80
250,23.9,50.0,19.0,0.15,3.0,0.0,1,32,63,72
251,19.6,39.0,18.0,0.12,2.0,0.0,1,32,59,96
252,18.4,36.0,19.0,0.1,3.0,0.0,2,33,56,90
253,14.6,27.0,20.0,0.11,2.0,0.0,2,33,55,83
254,13.6,25.0,19.0,0.12,3.0,0.0,1,33,55,100
255,12.2,23.0,17.0,0.15,5.0,0.0,1,33,56,119
256,11.8,22.0,17.0,0.38,9.0,0.34,1,32,58,122
257,13.2,26.0,15.0,0.22,7.11,0.0,1,31,64,120
258,19.9,44.0,16.56,0.26,12.0,0.0,1,29,73,127
259,23.3,53.0,10.0,0.31,11.0,0.0,0,28,77,140
260,20.4,47.0,4.0,0.42,12.0,0.0,0,26,85,229
261,22.3,51.0,2.0,0.54,10.0,0.0,0,26,88,261
262,22.8,52.0,3.0,0.47,7.0,0.0,0,25,90,287
263,30.4,70.0,4.0,0.39,6.0,0.0,0,25,90,262
264,24.9,57.0,4.0,0.36,5.0,0.0,0,25,91,235
265,20.4,47.0,2.0,0.34,4.0,0.0,0,24,92,239
266,24.3,56.0,3.0,0.26,3.0,0.0,0,24,93,260
267,21.1,48.0,3.0,0.19,2.0,0.0,0,24,92,263
268,16.0,37.0,3.0,0.18,3.0,0.0,0,24,91,250
269,17.6,40.0,2.0,0.25,4.0,0.0,0,23,91,254
270,15.1,35.0,1.0,0.38,6.0,0.0,0,23,92,237
271,15.1,34.0,1.0,0.5,9.0,0.0,0,24,88,250
272,19.3,43.0,4.0,0.42,10.0,0.0,1,26,81,269
273,19.1,42.0,15.0,0.2,6.0,0.0,1,29,71,243
274,17.9,38.0,20.0,0.15,5.0,0.0,1,31,60,120
275,17.8,36.0,25.0,0.15,4.0,0.0,1,32,60,99
276,15.4,30.0,24.0,0.14,3.0,0.0,1,32,57,104
277,11.8,23.0,22.0,0.16,8.0,0.0,1,32,59,108
278,14.8,29.0,26.0,0.19,4.0,0.0,1,33,55,91
279,15.1,30.0,26.0,0.38,4.0,0.34,1,33,58,98
280,20.4,42.0,18.0,0.28,7.11,0.0,1,31,62,121
281,17.1,36.0,16.56,0.28,9.0,0.0,1,30,67,131
282,18.9,40.0,14.0,0.35,11.0,0.0,1,28,74,139
283,18.0,39.0,15.0,0.3,12.0,0.0,1,28,76,154
284,17.1,37.0,15.0,0.33,9.0,0.0,1,27,80,197
285,19.6,44.0,7.0,0.43,8.0,0.0,0,26,87,249
286,19.1,43.0,9.0,0.33,6.0,0.0,0,26,89,245
287,15.8,36.0,9.0,0.32,5.0,0.0,0,26,89,271
288,20.4,46.0,11.0,0.27,4.0,0.0,0,25,89,244
289,24.1,54.0,10.0,0.23,3.0,0.0,1,25,89,239
290,21.3,48.0,9.0,0.22,2.0,1.0,0,25,90,228
291,16.1,37.0,7.0,0.25,2.0,0.0,0,25,92,234
292,16.6,38.0,6.0,0.3,3.0,0.0,0,24,92,209
293,16.6,38.0,6.0,0.34,6.0,1.0,0,24,92,284
294,18.6,43.0,5.0,0.4,9.0,1.0,0,24,92,204
295,15.0,33.0,4.0,0.56,9.0,1.0,0,24,92,232
296,16.0,33.0,15.0,0.39,9.0,0.0,1,26,84,238
297,25.4,53.0,33.0,0.23,6.0,0.0,2,28,73,223
298,22.9,47.0,38.0,0.22,5.0,0.0,1,29,69,198
299,20.8,43.0,40.0,0.25,6.0,1.0,1,30,63,147
300,21.4,43.0,40.0,0.22,6.0,1.0,2,31,61,151
301,17.0,34.0,41.0,0.2,4.0,1.0,1,32,55,130
302,15.3,29.0,37.0,0.38,7.0,0.34,2,32,56,140
303,18.5,37.0,40.0,0.22,7.11,1.0,1,32,54,120
304,15.2,31.0,16.56,0.23,7.0,1.0,1,32,54,127
305,13.0,26.0,33.0,0.27,9.0,1.0,1,30,60,125
306,20.3,44.0,25.0,0.31,14.0,1.0,1,28,66,137
307,25.4,58.0,17.0,0.41,21.0,1.0,0,28,70,145
308,22.2,51.0,9.0,0.56,19.0,1.0,0,26,81,214
309,25.8,59.0,7.0,0.62,15.0,0.0,0,25,84,236
310,26.1,60.0,2.0,0.67,12.0,0.0,0,24,89,248
311,29.4,67.0,4.0,0.72,10.0,0.0,0,24,89,269
312,32.2,73.0,6.0,0.61,8.0,0.0,0,24,90,259
313,28.0,64.0,6.0,0.46,4.0,0.0,0,23,90,229
314,29.5,68.0,6.0,0.29,3.0,0.0,0,23,91,233
315,20.4,47.0,5.0,0.29,3.0,0.0,0,23,92,255
316,18.1,42.0,7.0,0.27,3.0,1.0,0,23,91,274
317,20.0,46.0,4.0,0.32,4.0,0.0,0,23,92,234
318,19.7,45.0,2.0,0.38,6.0,1.0,0,23,92,242
319,16.1,37.0,4.0,0.46,7.0,0.0,0,23,91,259
320,14.1,31.0,20.0,0.37,7.0,0.0,0,26,80,276
321,19.1,42.0,37.0,0.26,8.0,0.0,0,29,67,101
322,22.9,47.0,40.0,0.26,5.0,1.0,1,31,61,89
323,21.9,44.0,42.0,0.23,4.0,1.0,2,32,59,91
324,18.3,35.0,47.0,0.23,3.0,1.0,2,32,55,90
325,17.4,33.0,47.0,0.38,4.0,0.34,2,33,52,107
326,17.3,34.0,46.0,0.21,7.11,1.0,1,32,53,112
327,16.2,32.0,16.56,0.22,3.0,1.0,1,32,54,98
328,14.5,28.0,43.0,0.24,5.0,1.0,1,31,57,110
329,17.5,36.0,40.0,0.27,5.0,1.0,1,30,61,103
330,21.5,47.0,32.0,0.33,10.0,1.0,1,28,68,127
331,23.3,53.0,22.0,0.52,17.0,1.0,0,27,74,111
332,19.7,45.0,17.0,0.53,19.0,1.0,0,27,78,133
333,27.2,62.0,9.0,0.5,13.0,1.0,0,25,85,156
334,22.3,51.0,4.0,0.7,11.0,1.0,0,25,89,256
335,26.2,60.0,3.0,0.7,12.0,1.0,0,24,90,299
336,27.1,62.0,1.0,0.75,13.0,1.0,0,24,90,254
337,27.6,64.0,5.0,0.68,8.0,0.0,0,24,90,292
338,32.3,74.0,6.0,0.64,6.0,0.0,0,24,91,269
339,27.7,64.0,6.0,0.59,5.0,0.0,0,23,92,252
340,25.0,57.0,5.0,0.59,5.0,0.0,0,23,92,267
341,25.8,59.0,5.0,0.63,6.0,0.0,0,23,92,263
342,26.0,60.0,2.0,0.75,10.0,0.0,0,23,93,231
343,24.6,56.0,4.0,0.97,19.0,0.0,0,24,89,251
344,27.9,63.0,18.0,0.72,14.0,0.0,0,27,80,252
345,34.0,75.0,42.0,0.31,7.0,0.0,1,30,64,100
346,26.3,55.0,47.0,0.27,4.0,0.0,1,31,59,77
347,24.1,50.0,51.0,0.27,4.0,0.0,1,32,57,74
348,25.0,52.0,60.0,0.38,3.0,0.34,1,33,53,82
349,19.2,37.0,60.0,0.28,7.11,1.0,2,33,52,75
350,21.8,42.0,16.56,0.3,7.0,1.0,2,32,55,59
351,23.7,48.0,50.0,0.3,7.0,1.0,2,31,61,62
352,28.9,60.0,40.0,0.42,14.0,1.0,2,30,66,50
353,32.1,68.0,41.0,0.46,14.0,1.0,2,29,67,49
354,28.4,61.0,38.0,0.48,15.0,1.0,1,29,69,31
355,30.5,66.0,42.0,0.42,11.0,1.0,1,28,76,62
356,28.4,58.0,40.0,0.22,3.0,1.0,2,24,97,169
357,19.0,39.0,37.0,0.22,4.0,1.0,1,24,98,179
358,12.8,27.0,39.0,0.22,2.0,1.0,1,23,98,283
359,16.1,32.0,37.0,0.22,2.0,1.0,1,23,98,292
360,12.5,24.0,37.0,0.28,3.0,1.0,1,24,98,342
361,10.5,19.0,33.0,0.24,2.0,0.0,2,24,95,343
362,10.4,20.0,28.0,0.26,4.0,0.0,1,24,91,344
363,8.3,18.0,21.0,0.29,6.0,0.0,0,24,92,334
364,10.9,22.0,17.0,0.26,3.0,0.0,1,24,95,211
365,13.8,29.0,17.0,0.3,3.0,0.0,1,24,95,301
366,11.5,26.0,12.0,0.41,8.0,0.0,0,24,93,326
367,11.8,26.0,11.0,0.58,10.0,0.0,0,25,90,354
368,14.7,31.0,22.0,0.53,9.0,0.0,1,28,77,352
369,17.9,36.0,47.0,0.41,8.0,0.0,2,30,69,9
370,20.6,42.0,55.0,0.36,6.0,0.0,2,30,66,56
371,23.7,48.0,55.0,0.38,4.0,0.34,2,31,60,69
372,18.7,38.0,46.0,0.3,7.11,1.0,1,29,75,75
373,20.8,41.0,16.56,0.25,5.0,0.0,2,29,73,62
374,20.6,42.0,39.0,0.32,8.0,1.0,2,29,70,26
375,19.7,38.0,37.0,0.32,4.0,1.0,2,29,76,345
376,19.1,39.0,32.0,0.34,7.0,1.0,2,29,75,348
377,17.8,37.0,28.0,0.48,12.0,0.0,1,29,75,22
378,15.4,33.0,22.0,0.56,17.0,0.0,1,28,78,23
379,17.1,37.0,19.0,0.61,16.0,0.0,1,27,83,2
380,18.1,40.0,13.0,0.59,15.0,0.0,0,27,86,330
381,19.6,43.0,15.0,0.54,15.0,0.0,1,27,85,354
382,18.8,43.0,17.0,0.47,10.0,0.0,0,27,85,3
383,23.2,53.0,11.0,0.49,8.0,0.0,0,26,89,191
384,20.6,45.0,27.0,0.35,4.0,0.0,0,26,89,143
385,14.9,32.0,35.0,0.27,1.0,1.0,1,24,90,150
386,14.9,33.0,26.0,0.28,2.0,1.0,1,24,93,298
387,16.0,35.0,21.0,0.34,4.0,1.0,1,24,94,290
388,17.2,39.0,14.0,0.47,8.0,1.0,0,24,94,303
389,17.9,41.0,10.0,0.46,6.0,1.0,0,24,95,241
390,16.7,38.0,6.0,0.59,10.0,1.0,0,24,96,286
391,18.1,41.0,4.0,0.85,16.0,1.0,0,25,94,253
392,21.1,47.0,13.0,0.57,14.0,1.0,0,28,80,185
393,20.0,42.0,24.0,0.26,7.0,0.0,1,30,68,132
394,16.8,33.0,29.0,0.38,5.0,0.34,1,31,63,129
395,16.5,32.0,33.0,0.22,7.11,1.0,1,31,60,131
396,12.4,23.0,16.56,0.22,4.0,1.0,1,32,58,122
397,20.0,40.0,34.0,0.25,4.0,1.0,1,32,59,97
398,15.0,29.0,31.0,0.25,4.0,1.0,1,32,60,125
399,14.3,28.0,31.0,0.31,10.0,1.0,1,32,57,110
400,19.0,38.0,29.0,0.37,15.0,1.0,1,32,60,95
401,23.1,49.0,30.0,0.35,8.0,1.0,1,30,68,123
402,23.3,52.0,24.0,0.43,11.0,1.0,1,28,77,64
403,22.2,50.0,21.0,0.44,12.0,1.0,0,27,89,56
404,20.8,48.0,15.0,0.47,12.0,1.0,0,26,98,171
405,16.9,39.0,10.0,0.47,10.0,0.0,0,26,98,259
406,18.8,43.0,6.0,0.5,8.0,1.0,0,25,97,254
407,17.3,40.0,7.0,0.47,6.0,0.0,0,25,97,251
408,16.8,39.0,9.0,0.42,5.0,0.0,0,25,96,266
409,18.6,43.0,7.0,0.38,4.0,0.0,0,24,96,265
410,16.8,39.0,6.0,0.38,3.0,0.0,0,24,96,238
411,19.0,44.0,9.0,0.35,3.0,0.0,0,24,96,289
412,17.9,41.0,7.0,0.42,5.0,0.0,0,24,96,310
413,18.3,42.0,4.0,0.49,9.0,0.0,0,24,96,280
414,22.3,51.0,4.0,0.73,13.0,0.0,0,24,96,330
415,23.0,53.0,2.0,1.18,20.0,0.0,0,24,94,354
416,29.3,65.0,13.0,0.6,16.0,0.0,1,28,81,351
417,27.9,60.0,35.0,0.38,8.0,0.34,1,30,70,44
418,22.5,47.0,40.0,0.24,7.11,0.0,1,31,65,76
419,25.1,52.0,16.56,0.22,4.0,0.0,1,32,60,86
420,18.3,38.0,33.0,0.27,8.0,0.0,1,29,72,87
421,21.8,45.0,28.0,0.25,7.0,0.0,1,29,73,57
422,20.1,41.0,27.0,0.22,7.0,0.0,1,31,62,74
423,17.0,34.0,23.0,0.29,10.0,0.0,1,30,70,62
424,22.7,46.0,21.0,0.27,8.0,0.0,2,31,64,69
425,18.3,37.0,18.0,0.26,9.0,0.0,1,29,72,123
426,14.7,30.0,17.0,0.26,9.0,0.0,1,26,90,79
427,12.3,25.0,18.0,0.33,13.0,0.0,1,25,96,22
428,11.6,23.0,22.0,0.26,8.0,0.0,1,25,95,333
429,8.6,17.0,24.0,0.24,4.0,0.0,1,25,95,289
430,11.2,25.0,21.0,0.24,6.0,0.0,0,25,96,37
431,8.2,18.0,22.0,0.23,4.0,0.0,0,25,96,297
432,7.8,15.0,23.0,0.22,4.0,0.0,1,24,97,310
433,5.7,12.0,18.0,0.34,4.0,1.0,0,24,97,293
434,8.2,16.0,20.0,0.3,3.0,1.0,1,24,97,308
435,8.0,16.0,20.0,0.21,2.0,0.0,1,24,97,248
436,6.0,12.0,20.0,0.22,2.0,1.0,1,24,97,266
437,7.5,16.0,16.0,0.26,4.0,1.0,0,24,96,233
438,7.0,14.0,13.0,0.33,7.0,0.0,1,24,95,240
439,5.4,10.0,8.0,0.55,18.0,0.0,0,24,94,219
440,5.1,9.0,14.0,0.38,12.0,0.34,1,25,92,258
441,12.2,25.0,26.0,0.25,7.11,1.0,1,28,81,255
442,9.8,19.0,16.56,0.25,5.0,0.0,0,29,72,334
443,10.1,19.0,43.0,0.26,5.0,1.0,1,31,63,75
444,10.9,20.0,44.0,0.25,3.0,1.0,1,32,59,73
445,11.9,22.0,40.0,0.27,3.0,1.0,2,33,57,71
446,13.9,26.0,36.0,0.27,4.0,1.0,2,33,59,75
447,15.0,28.0,35.0,0.29,5.0,1.0,2,33,60,69
448,13.8,27.0,29.0,0.35,9.0,1.0,1,31,66,79
449,17.4,37.0,24.0,0.37,11.0,1.0,1,29,72,115
450,16.2,35.0,19.0,0.43,13.0,1.0,1,28,75,139
451,12.3,26.0,17.0,0.39,14.0,1.0,1,28,78,145
452,17.0,37.0,22.0,0.35,12.0,1.0,1,27,80,162
453,16.6,37.0,14.0,0.39,10.0,0.0,0,26,88,221
454,15.8,36.0,9.0,0.36,7.0,0.0,0,25,91,208
455,12.5,28.0,7.0,0.38,6.0,0.0,0,25,93,245
456,13.6,30.0,10.0,0.34,4.0,0.0,0,25,92,233
457,17.3,39.0,11.0,0.29,3.0,1.0,0,25,92,237
458,14.2,32.0,9.0,0.3,2.0,1.0,0,24,93,244
459,16.8,38.0,8.0,0.27,2.0,1.0,0,24,93,251
460,14.4,33.0,7.0,0.3,3.0,1.0,0,24,93,283
461,12.5,28.0,5.0,0.34,4.0,1.0,0,24,94,279
462,12.5,28.0,3.0,0.39,4.0,1.0,0,23,95,254
463,11.8,27.0,6.0,0.38,5.0,0.34,0,24,92,263
464,11.5,25.0,15.0,0.39,7.11,1.0,0,27,82,248
465,20.7,42.0,16.56,0.24,4.0,0.0,1,29,73,196
466,17.9,36.0,32.0,0.21,3.0,1.0,1,30,66,168
467,13.0,26.0,36.0,0.23,4.0,1.0,1,32,57,109
468,13.6,27.0,38.0,0.24,4.0,1.0,1,32,57,127
469,15.5,31.0,40.0,0.25,4.0,1.0,1,33,53,63
470,13.8,26.0,47.0,0.27,4.0,1.0,1,34,46,69
471,16.0,32.0,37.0,0.26,3.0,1.0,1,33,52,75
472,17.3,36.0,35.0,0.26,4.0,1.0,1,33,54,90
473,13.9,28.0,29.0,0.3,5.0,1.0,1,31,62,115
474,22.0,48.0,20.0,0.35,8.0,1.0,1,29,70,127
475,18.8,42.0,19.0,0.41,10.0,1.0,0,28,75,130
476,16.8,39.0,12.0,0.49,12.0,1.0,0,27,81,134
477,17.9,41.0,5.0,0.55,11.0,1.0,0,26,89,246
478,20.6,47.0,4.0,0.65,8.0,1.0,0,25,91,268
479,32.3,74.0,8.0,0.44,5.0,1.0,0,25,89,228
480,20.5,46.0,7.0,0.36,4.0,0.0,0,25,92,247
481,18.1,41.0,6.0,0.34,3.0,0.0,0,24,92,252
482,17.5,39.0,7.0,0.31,2.0,1.0,0,24,92,251
483,18.6,42.0,12.0,0.3,2.0,1.0,0,24,89,245
484,16.2,37.0,10.0,0.33,3.0,1.0,0,23,91,281
485,15.9,36.0,9.0,0.34,3.0,1.0,0,23,92,290
486,15.2,35.0,4.0,0.38,6.0,0.34,0,23,93,278
487,17.9,40.0,3.0,0.57,7.11,1.0,0,23,92,329
488,19.3,40.0,16.56,0.48,10.0,0.0,1,26,79,333
489,19.2,41.0,23.0,0.39,9.0,1.0,1,27,76,301
490,24.6,54.0,31.0,0.3,6.0,1.0,1,29,72,275
491,17.4,36.0,39.0,0.26,4.0,1.0,1,32,59,57
492,19.1,40.0,36.0,0.25,4.0,1.0,1,32,57,71
493,15.9,32.0,34.0,0.24,3.0,1.0,1,32,56,94
494,13.7,27.0,32.0,0.24,3.0,1.0,1,33,55,62
495,13.9,26.0,33.0,0.25,4.0,1.0,1,33,55,51
496,11.3,20.0,32.0,0.24,3.0,1.0,2,32,56,65
497,16.9,33.0,31.0,0.25,3.0,1.0,2,32,61,71
498,19.5,42.0,25.0,0.3,6.0,1.0,1,29,73,99
499,19.9,45.0,22.0,0.4,9.0,1.0,0,28,74,107
500,16.8,39.0,17.0,0.44,12.0,1.0,0,27,80,69
501,16.7,38.0,10.0,0.51,13.0,1.0,0,27,83,150
502,17.8,41.0,10.0,0.42,8.0,1.0,0,26,87,285
503,15.9,36.0,8.0,0.46,9.0,1.0,0,26,89,281
504,17.1,39.0,5.0,0.44,6.0,1.0,0,25,92,262
505,15.8,36.0,6.0,0.42,4.0,0.0,0,25,92,277
506,19.0,44.0,7.0,0.36,2.0,0.0,0,24,92,247
507,15.4,35.0,5.0,0.35,3.0,0.0,0,24,93,253
508,16.6,38.0,5.0,0.38,3.0,0.0,0,24,93,288
509,16.8,38.0,5.0,0.38,4.0,0.34,0,24,93,193
510,12.3,27.0,4.0,0.46,7.11,0.0,0,24,92,315
511,9.0,20.0,16.56,0.72,18.0,0.0,0,24,88,288
512,13.3,30.0,7.0,0.65,18.0,0.0,0,27,80,252
513,25.3,56.0,33.0,0.3,6.0,0.0,1,30,68,211
514,21.5,46.0,44.0,0.28,4.0,0.0,1,31,59,126
515,16.1,32.0,44.0,0.27,4.0,0.0,1,32,55,68
516,13.9,27.0,41.0,0.27,4.0,0.0,1,33,52,68
517,15.5,30.0,38.0,0.26,3.0,0.0,1,33,52,97
518,16.9,31.0,34.0,0.26,3.0,0.0,2,33,55,70
519,13.2,24.0,29.0,0.26,4.0,0.0,2,32,61,77
520,22.2,45.0,25.0,0.3,8.0,0.0,1,31,65,88
521,24.0,50.0,21.0,0.29,6.0,0.0,1,29,74,123
522,18.3,36.0,17.0,0.25,7.0,0.0,2,28,74,147
523,15.2,30.0,18.0,0.25,5.0,0.0,1,26,80,199
524,13.5,27.0,18.0,0.22,4.0,0.0,1,26,83,217
525,10.5,20.0,14.0,0.23,5.0,0.0,1,26,84,217
526,8.1,15.0,14.0,0.23,3.0,0.0,1,25,86,221
527,8.1,15.0,12.0,0.22,3.0,0.0,1,25,90,218
528,9.8,20.0,9.0,0.21,2.0,0.0,1,25,90,224
529,8.7,16.0,7.0,0.22,2.0,0.0,1,25,90,205
530,10.0,20.0,6.0,0.21,2.0,1.0,1,25,89,216
531,8.4,15.0,8.0,0.19,2.0,1.0,1,25,88,208
532,7.0,13.0,8.0,0.38,3.0,0.34,1,25,88,212
533,8.5,19.0,7.0,0.29,7.11,1.0,0,25,89,190
534,6.3,14.0,16.56,0.38,7.0,1.0,0,25,92,297
535,5.2,10.0,2.0,0.65,15.0,1.0,1,25,91,295
536,6.2,13.0,3.0,0.62,13.0,0.0,0,26,87,264
537,11.6,24.0,12.0,0.32,8.0,0.0,1,27,79,248
538,16.6,33.0,22.0,0.21,5.0,0.0,1,28,72,229
539,13.2,24.0,26.0,0.22,5.0,0.0,2,28,71,203
540,10.3,18.0,27.0,0.2,4.0,0.0,1,29,67,183
541,11.5,20.0,23.0,0.24,5.0,1.0,2,27,83,196
542,12.5,25.0,17.0,0.24,6.0,1.0,1,27,81,195
543,9.7,19.0,16.0,0.26,7.0,1.0,1,27,80,205
544,11.6,22.0,13.0,0.31,12.0,1.0,2,27,83,222
545,13.5,28.0,14.0,0.31,10.0,1.0,1,27,82,238
546,13.3,28.0,12.0,0.37,10.0,1.0,1,26,83,238
547,16.9,36.0,13.0,0.41,8.0,0.0,1,26,86,247
548,17.1,37.0,7.0,0.52,13.0,0.0,1,26,86,344
549,21.1,46.0,9.0,0.39,8.0,0.0,0,25,90,272
550,15.2,34.0,10.0,0.32,3.0,0.0,0,25,93,295
551,15.0,33.0,10.0,0.34,6.0,0.0,0,25,93,332
552,13.1,30.0,3.0,0.39,8.0,0.0,0,25,95,327
553,14.7,34.0,2.0,0.34,5.0,0.0,0,25,95,279
554,12.4,28.0,3.0,0.32,4.0,0.0,0,25,94,275
555,15.8,36.0,2.0,0.38,7.0,0.34,0,26,93,25
556,16.7,38.0,1.0,0.51,7.11,0.0,0,25,95,287
557,16.5,38.0,16.56,0.55,8.0,0.0,0,25,96,241
558,13.5,31.0,1.0,0.73,8.0,1.0,0,24,95,328
559,21.2,48.0,4.0,1.17,16.0,1.0,0,25,92,283
560,24.7,55.0,8.0,0.57,14.0,0.0,0,27,83,149
561,24.6,54.0,17.0,0.26,9.0,0.0,1,29,76,149
562,24.8,53.0,19.0,0.22,6.0,0.0,1,29,76,141
563,23.2,48.0,24.0,0.2,4.0,0.0,1,30,66,124
564,17.0,34.0,23.0,0.21,5.0,0.0,1,30,68,123
565,17.2,33.0,22.0,0.2,3.0,0.0,1,31,61,122
566,13.3,25.0,19.0,0.22,6.0,0.0,1,31,60,135
567,17.0,33.0,18.0,0.22,7.0,0.0,1,27,77,104
568,30.0,67.0,9.0,0.43,18.0,0.0,1,26,85,55
569,22.9,51.0,7.0,0.55,18.0,0.0,0,28,81,39
570,15.4,34.0,4.0,0.52,17.0,0.0,0,27,85,3
571,17.6,40.0,8.0,0.68,17.0,0.0,0,26,87,117
572,18.1,42.0,6.0,0.53,16.0,0.0,0,26,88,103
573,20.5,47.0,8.0,0.45,10.0,0.0,0,26,90,30
574,21.3,48.0,11.0,0.44,10.0,0.0,0,26,87,84
575,20.9,47.0,24.0,0.21,3.0,0.0,0,26,88,110
576,21.6,50.0,10.0,0.22,4.0,0.0,0,25,94,331
577,18.8,41.0,12.0,0.25,4.0,0.0,1,25,92,72
578,15.7,33.0,23.0,0.38,1.0,0.34,1,25,89,139
579,11.8,26.0,16.0,0.23,7.11,1.0,0,25,93,76
580,13.4,29.0,16.56,0.22,4.0,1.0,0,24,92,55
581,11.6,24.0,16.0,0.3,7.0,1.0,1,24,93,328
582,10.9,22.0,17.0,0.27,8.0,1.0,0,24,94,194
583,10.4,21.0,12.0,0.46,22.0,1.0,0,25,97,255
584,10.9,23.0,12.0,0.49,22.0,0.0,0,25,97,325
585,8.8,17.0,14.0,0.49,16.0,1.0,1,27,92,22
586,13.1,25.0,29.0,0.25,4.0,0.0,1,29,75,84
587,12.1,22.0,32.0,0.25,5.0,0.0,1,30,70,109
588,13.5,26.0,31.0,0.25,6.0,0.0,1,29,76,105
589,11.2,21.0,25.0,0.25,9.0,1.0,1,28,78,134
590,14.9,29.0,24.0,0.26,9.0,1.0,1,29,74,128
591,15.0,29.0,24.0,0.28,8.0,1.0,1,29,70,125
592,15.7,32.0,23.0,0.32,10.0,1.0,1,28,74,106
593,17.5,38.0,16.56,0.89,18.0,0.34,1,27,80,176
594,19.1,42.0,12.0,0.41,14.0,1.0,0,26,88,273
595,22.5,49.0,15.0,0.37,8.0,1.0,1,26,90,301
596,20.3,45.0,13.0,0.35,7.0,1.0,0,25,91,260
597,20.3,46.0,11.0,0.34,7.0,1.0,0,26,91,277
598,17.7,40.0,5.0,0.4,9.0,0.0,0,26,92,292
599,17.8,41.0,6.0,0.39,5.0,0.0,0,25,93,279
600,16.5,37.0,12.0,0.39,4.0,0.0,0,25,91,171
601,16.8,38.0,10.0,0.38,2.0,0.34,0,25,92,240
602,19.9,45.0,7.0,0.29,7.11,1.0,0,25,94,238
603,16.7,38.0,16.56,0.3,2.0,1.0,0,25,93,231
604,16.8,38.0,8.0,0.31,3.0,1.0,0,25,93,248
605,12.6,29.0,7.0,0.36,5.0,1.0,0,25,93,223
606,14.9,34.0,4.0,0.58,10.0,0.0,0,25,93,259
607,23.2,53.0,7.0,0.79,18.0,0.0,0,26,89,320
608,18.6,42.0,14.0,0.69,18.0,0.0,0,27,80,49
609,22.7,50.0,26.0,0.35,10.0,0.0,1,28,73,117
610,22.3,48.0,30.0,0.29,10.0,0.0,1,29,73,121
611,24.2,50.0,34.0,0.25,5.0,0.0,1,30,69,113
612,20.7,42.0,37.0,0.24,4.0,0.0,1,31,64,121
613,16.5,32.0,42.0,0.7,5.0,0.34,2,30,64,103
614,17.9,36.0,31.0,0.27,7.0,0.0,1,30,65,103
615,20.4,42.0,30.0,0.27,5.0,0.0,1,30,66,112
616,22.2,47.0,26.0,0.29,7.0,0.0,1,30,65,100
617,24.0,51.0,24.0,0.29,7.0,0.0,1,29,68,101
618,22.8,50.0,21.0,0.38,11.0,0.0,1,28,73,89
619,24.3,55.0,15.0,0.51,17.0,0.0,0,27,78,74
620,23.7,54.0,13.0,0.58,16.0,0.0,0,26,83,81
621,28.6,66.0,4.0,0.38,14.0,0.34,0,25,90,294
622,28.9,67.0,1.0,0.72,14.0,0.0,0,25,91,255
623,27.7,64.0,2.0,0.61,12.0,0.0,0,25,93,266
624,27.6,63.0,4.0,0.38,7.0,0.34,0,24,93,230
625,27.8,64.0,4.0,0.48,7.11,0.0,0,24,92,310
626,25.8,59.0,16.56,0.62,14.0,0.0,0,24,92,318
627,23.1,53.0,4.0,0.53,9.0,0.0,0,24,92,86
628,20.5,47.0,2.0,0.65,12.0,0.0,0,24,94,351
629,24.5,56.0,1.0,1.07,16.0,0.0,0,24,93,356
630,22.9,51.0,4.0,0.79,12.0,0.0,0,24,91,356
631,25.9,59.0,2.0,1.19,23.0,0.0,0,25,89,340
632,28.6,63.0,10.0,0.88,21.0,0.0,1,28,77,8
633,32.4,70.0,28.0,0.28,9.0,0.0,1,30,65,108
634,23.0,46.0,36.0,0.23,4.0,0.0,2,31,58,102
635,16.4,32.0,42.0,0.25,4.0,0.0,1,31,57,103
636,15.6,29.0,47.0,0.26,5.0,0.0,2,32,58,95
637,16.2,30.0,52.0,0.28,4.0,0.0,2,32,58,91
638,20.3,41.0,56.0,0.29,4.0,0.0,1,31,57,103
639,15.6,31.0,45.0,0.33,7.0,0.0,1,31,63,118
640,21.9,46.0,46.0,0.32,5.0,0.0,1,30,64,123
641,26.0,56.0,35.0,0.32,6.0,0.0,1,29,67,123
642,29.4,66.0,27.0,0.36,9.0,0.0,1,28,73,127
643,25.8,58.0,23.0,0.41,12.0,0.0,0,27,76,139
644,27.8,62.0,24.0,0.34,10.0,0.0,1,27,79,136
645,25.7,57.0,21.0,0.32,10.0,0.0,1,26,80,145
646,26.4,60.0,12.0,0.31,8.0,0.0,0,25,87,245
647,26.0,60.0,10.0,0.38,5.0,0.34,0,24,91,262
648,25.3,58.0,8.0,0.39,7.11,0.0,0,24,92,257
649,24.9,57.0,16.56,0.34,3.0,0.0,0,24,92,254
650,20.4,47.0,8.0,0.32,3.0,0.0,0,24,92,263
651,21.3,49.0,8.0,0.29,4.0,0.0,0,24,92,307
652,18.1,42.0,7.0,0.31,4.0,0.34,0,24,91,292
653,17.7,41.0,3.0,0.47,10.0,0.34,0,24,92,357
654,20.9,47.0,0.0,0.66,12.0,0.34,0,24,93,359
655,17.5,40.0,4.0,0.84,19.0,0.0,0,25,87,347
656,21.5,48.0,22.0,0.5,12.0,0.0,0,29,72,103
657,23.2,48.0,33.0,0.21,5.0,0.0,1,30,64,97
658,22.5,46.0,33.0,0.18,4.0,0.0,1,31,61,108
659,23.4,47.0,35.0,0.19,4.0,0.0,2,32,56,123
660,17.8,35.0,37.0,0.2,4.0,0.0,1,32,56,121
661,19.16,42.18,36.0,0.2,4.0,0.0,2,32,55,127
662,19.16,42.18,37.0,0.19,4.0,0.0,1,32,56,118
663,19.16,42.18,35.0,0.2,3.0,0.0,1,31,59,125
664,15.7,30.0,38.0,0.22,4.0,0.0,1,31,58,120
665,15.5,31.0,36.0,0.24,5.0,0.0,1,30,63,131
666,20.0,43.0,31.0,0.3,8.0,0.0,1,28,70,122
667,21.1,47.0,26.0,0.34,10.0,0.0,0,27,74,113
668,25.2,57.0,24.0,0.33,10.0,0.0,0,27,77,93
669,25.8,59.0,24.0,0.27,9.0,0.0,0,27,78,131
670,21.4,49.0,11.0,0.38,9.0,0.34,0,25,86,267
671,20.4,47.0,10.0,0.32,7.11,0.0,0,24,89,252
672,17.0,39.0,16.56,0.35,5.0,0.0,0,24,90,331
673,18.0,41.0,2.0,0.48,12.0,0.0,0,24,90,343
674,18.1,41.0,2.0,0.53,12.0,0.0,0,24,90,3
675,21.4,49.0,2.0,0.61,10.0,0.0,0,24,92,346
676,22.2,51.0,1.0,0.56,9.0,0.0,0,23,93,266
677,26.0,60.0,1.0,0.64,8.0,0.34,0,23,93,282
678,23.2,53.0,1.0,0.8,13.0,0.0,0,23,93,322
679,25.1,58.0,2.0,1.0,22.0,0.34,0,24,88,284
680,29.0,66.0,22.0,0.49,14.0,0.34,0,28,72,50
681,31.2,67.0,34.0,0.23,5.0,0.0,1,30,64,85
682,21.7,43.0,16.56,0.19,3.0,0.0,2,30,63,133
683,16.3,40.0,41.0,0.38,3.0,0.34,2,31,56,103
684,16.5,30.0,39.0,0.38,7.11,0.0,2,32,55,111
685,17.9,34.0,40.0,0.17,3.0,0.0,2,33,51,112
686,13.5,31.0,40.0,0.19,4.0,0.0,2,32,52,113
687,10.1,23.0,37.0,0.21,6.0,0.0,1,32,55,102
688,10.0,23.0,32.0,0.27,10.0,0.0,1,30,61,108
689,11.7,24.0,32.0,0.27,9.0,0.0,1,30,62,112
690,11.6,25.0,28.0,0.31,10.0,0.0,1,28,68,124
691,11.2,30.0,20.0,0.38,14.0,0.0,0,27,74,122
692,11.8,64.0,17.0,0.41,13.0,0.0,0,26,78,63
693,14.8,63.0,13.0,0.38,8.0,0.34,0,25,84,44
694,22.9,57.0,6.0,0.5,7.11,0.0,0,25,88,303
695,31.7,60.0,16.56,0.55,10.0,0.0,0,25,87,329
696,33.1,65.0,3.0,0.58,8.0,0.0,0,24,90,253
697,36.7,71.0,3.0,0.55,6.0,0.0,0,24,92,291
698,34.9,63.0,4.0,0.53,5.0,0.0,0,24,92,227
699,30.2,65.0,7.0,0.43,4.0,0.0,0,24,91,220
700,26.8,57.0,13.0,0.3,3.0,0.34,0,24,89,249
701,27.2,50.0,9.0,0.39,5.0,0.34,0,24,91,254
702,29.7,50.0,5.0,0.54,10.0,0.0,0,24,91,258
703,25.0,48.0,7.0,0.57,14.0,0.34,0,25,88,255
704,30.7,57.0,29.0,0.32,8.0,0.0,0,28,75,225
705,35.7,68.0,35.0,0.24,6.0,0.0,1,30,65,117
706,27.1,49.0,37.0,0.21,3.0,0.0,1,31,59,108
707,25.5,45.0,41.0,0.21,3.0,0.0,1,32,55,123
708,26.9,48.0,44.0,0.2,3.0,0.0,1,32,51,128
709,23.5,47.0,42.0,0.21,3.0,0.0,1,32,52,104
710,18.6,36.0,39.0,0.2,4.0,0.0,1,33,51,101
711,19.0,44.0,34.0,0.2,5.0,0.0,2,33,50,134
712,16.8,41.0,34.0,0.38,10.0,0.34,1,32,52,111
713,16.7,42.0,29.0,0.3,8.0,0.0,1,31,58,116
714,22.2,55.0,22.0,0.36,10.0,0.0,1,29,65,109
715,23.9,60.0,20.0,0.37,10.0,0.0,0,28,70,129
716,20.5,53.0,14.0,0.38,11.0,0.34,0,27,77,128
717,20.3,53.0,6.0,0.49,7.11,0.0,0,25,86,242
718,26.4,50.0,16.56,0.56,10.0,0.0,0,25,88,254
719,29.9,60.0,5.0,0.52,9.0,0.0,0,25,87,245
720,30.8,71.0,5.0,0.47,7.0,0.0,0,24,89,257
721,34.4,73.0,7.0,0.4,5.0,0.0,0,24,90,245
722,32.9,70.0,6.0,0.38,4.0,0.0,0,24,91,254
723,28.9,57.0,8.0,0.29,4.0,0.0,0,23,91,236
724,27.3,55.0,5.0,0.33,4.0,0.0,0,23,92,249
725,25.1,50.0,4.0,0.38,5.0,0.0,0,23,92,207
726,18.6,37.0,3.0,0.47,7.0,0.0,0,23,92,272
727,21.2,42.0,3.0,0.7,15.0,0.0,0,24,89,276
728,29.4,60.0,18.0,0.43,10.0,0.0,0,27,77,271
729,24.3,62.0,31.0,0.27,6.0,0.0,1,30,65,87
730,20.4,44.0,34.0,0.21,3.0,0.0,1,30,61,113
731,20.7,43.0,39.0,0.21,3.0,0.0,1,32,56,86
732,20.3,42.0,40.0,0.2,3.0,0.0,1,32,54,95
733,17.9,36.0,39.0,0.19,3.0,0.0,1,33,52,112
734,14.2,28.0,36.0,0.19,2.0,0.0,1,32,53,99
735,11.4,25.0,31.0,0.21,4.0,0.0,1,32,54,107
736,8.6,19.0,25.0,0.23,9.0,0.0,1,32,55,104
737,6.9,23.0,28.0,0.24,6.0,0.0,1,31,59,94
738,5.4,26.0,23.0,0.32,10.0,0.0,1,29,67,132
739,4.1,22.0,20.0,0.38,11.0,0.34,0,28,71,125
740,6.9,30.0,17.0,0.32,7.11,0.0,0,27,75,140
741,12.4,35.0,16.56,0.5,11.0,0.0,0,25,85,274
742,17.5,44.0,1.0,0.72,13.0,0.0,0,25,87,257
743,28.8,56.0,1.0,0.63,12.0,0.0,0,25,88,258
744,30.4,51.0,4.0,0.57,7.0,0.0,0,24,89,261
745,33.4,60.0,5.0,0.47,5.0,0.0,0,24,90,249
746,30.6,52.0,5.0,0.41,4.0,0.0,0,23,91,245
747,28.7,48.0,3.0,0.36,4.0,0.0,0,23,92,234
748,29.3,49.0,5.0,0.29,3.0,0.0,0,23,92,262
749,22.4,37.0,5.0,0.29,4.0,0.0,0,23,91,246
750,16.1,35.0,4.0,0.41,6.0,0.0,0,23,91,243
751,12.3,35.0,1.0,0.86,15.0,0.0,0,24,89,310
752,9.6,39.0,7.0,0.76,17.0,0.0,0,26,81,325
753,22.6,54.0,24.0,0.33,8.0,0.0,0,29,71,280
754,22.1,53.0,31.0,0.25,5.0,0.0,1,31,62,65
755,25.9,61.0,34.0,0.22,3.0,0.0,1,32,56,106
756,22.1,43.0,39.0,0.22,3.0,0.0,1,32,54,112
757,20.6,36.0,41.0,0.21,4.0,0.0,1,33,50,105
758,17.5,31.0,43.0,0.22,3.0,0.0,1,34,49,147
759,13.8,28.0,48.0,0.27,7.0,0.0,1,34,47,118
760,11.2,30.0,35.0,0.28,8.0,0.0,1,33,50,129
761,10.7,22.0,27.0,0.27,8.0,0.0,1,32,52,126
762,9.8,21.0,17.0,0.38,10.0,0.34,1,29,62,99
763,12.8,24.0,15.0,0.32,7.11,0.0,0,28,70,126
764,15.3,25.0,16.56,0.29,9.0,0.0,0,27,73,161
765,15.0,40.0,5.0,0.9,12.0,0.0,0,25,84,252
766,30.6,52.0,3.0,0.71,8.0,0.0,0,25,87,253
767,35.4,59.0,4.0,0.57,8.0,0.0,0,24,87,280
768,33.0,61.0,3.0,0.56,8.0,0.0,0,24,88,288
769,30.3,59.0,4.0,0.47,5.0,0.0,0,23,90,247
770,34.6,54.0,4.0,0.5,4.0,0.0,0,23,91,270
771,30.8,45.0,4.0,0.32,3.0,0.0,0,23,91,242
772,28.2,49.0,9.0,0.41,3.0,0.0,0,23,88,271
773,20.5,42.0,8.0,0.44,6.0,0.0,0,23,87,315
774,15.4,37.0,1.0,0.72,9.0,0.0,0,22,91,336
775,17.6,44.0,2.0,1.05,13.0,0.0,0,23,88,265
776,29.9,50.0,9.0,0.56,10.0,0.0,1,27,79,268
777,30.8,62.0,22.0,0.24,5.0,0.0,1,30,64,67
778,25.3,51.0,25.0,0.2,3.0,0.0,1,31,58,111
779,21.2,42.0,23.0,0.18,3.0,0.0,1,32,54,75
780,16.1,32.0,25.0,0.18,2.0,0.0,1,33,51,94
781,14.9,28.0,25.0,0.18,2.0,0.0,1,34,51,90
782,11.8,25.0,22.0,0.18,3.0,0.0,1,34,53,79
783,12.1,24.0,19.0,0.21,5.0,0.0,1,33,53,116
784,8.8,22.0,18.0,0.24,6.0,0.0,1,33,54,103
785,11.0,24.0,17.0,0.38,7.0,0.34,1,31,59,94
786,9.4,18.0,15.0,0.31,7.11,0.0,1,29,67,89
787,8.1,17.0,16.56,0.29,9.0,0.0,1,28,72,121
788,9.8,25.0,12.0,0.28,9.0,0.0,0,27,73,137
789,8.3,29.0,7.0,0.86,9.0,0.0,0,26,82,258
790,21.7,35.0,4.0,0.93,8.0,0.0,0,25,86,228
791,20.7,44.0,3.0,0.83,7.0,0.0,0,24,89,243
792,30.3,57.0,2.0,0.72,7.0,0.0,0,24,90,248
793,29.4,56.0,2.0,0.6,6.0,0.0,0,24,91,265
794,23.8,43.0,2.0,0.58,5.0,0.0,0,23,91,258
795,25.9,44.0,5.0,0.44,4.0,0.0,0,23,90,289
796,26.2,40.0,5.0,0.37,4.0,0.0,0,23,90,296
797,19.2,30.0,2.0,0.45,5.0,0.0,0,22,91,207
798,14.6,28.0,3.0,0.47,6.0,0.0,0,22,91,297
799,11.3,37.0,3.0,0.55,8.0,0.0,0,23,90,256
800,16.3,41.0,7.0,0.81,15.0,0.0,0,26,80,291
801,29.0,51.0,22.0,0.38,9.0,0.0,0,30,67,132
802,25.9,48.0,28.0,0.24,4.0,0.0,1,32,57,90
803,23.5,44.0,29.0,0.24,4.0,0.0,1,32,55,92
804,22.2,36.0,32.0,0.21,3.0,0.0,1,33,53,76
805,16.6,28.0,28.0,0.22,4.0,0.0,2,34,53,63
806,16.1,32.0,26.0,0.2,2.0,0.0,1,34,54,75
807,12.6,25.0,27.0,0.2,4.0,0.0,1,34,53,82
808,9.7,21.0,27.0,0.38,3.0,0.34,1,33,55,78
809,9.8,27.0,28.0,0.24,7.11,1.0,1,32,59,82
810,6.6,22.0,16.56,0.3,7.0,0.0,1,30,66,131
811,5.6,18.0,18.0,0.32,9.0,0.0,1,28,72,129
812,6.6,24.0,17.0,0.3,8.0,0.0,0,27,77,145
813,8.5,23.0,8.0,0.56,10.0,0.0,0,26,85,252
814,11.9,34.0,6.0,0.57,9.0,0.0,0,25,87,231
815,19.3,44.0,5.0,0.54,8.0,0.0,0,25,88,216
816,23.6,51.0,4.0,0.53,6.0,0.0,0,25,90,248
817,30.7,52.0,3.0,0.51,5.0,0.0,0,24,92,256
818,25.3,45.0,4.0,0.41,4.0,0.0,0,24,92,249
819,26.2,46.0,4.0,0.38,4.0,0.0,0,23,92,246
820,21.6,36.0,9.0,0.33,3.0,0.0,0,23,90,257
821,20.9,31.0,10.0,0.34,4.0,0.0,0,23,89,236
822,16.1,35.0,4.0,0.4,7.0,0.0,0,23,92,254
823,17.0,29.0,6.0,0.44,6.0,0.0,0,23,91,258
824,20.1,34.0,16.0,0.36,5.0,0.0,1,26,81,264
825,22.5,43.0,30.0,0.22,3.0,0.0,1,28,70,226
826,25.4,52.0,39.0,0.24,3.0,0.0,1,30,63,229
827,20.7,43.0,46.0,0.25,3.0,0.0,0,31,55,95
828,27.8,39.0,46.0,0.25,6.0,0.0,1,33,49,109
829,23.6,38.0,46.0,0.25,3.0,0.0,1,35,47,68
830,18.0,34.0,38.0,0.24,3.0,0.0,1,34,52,80
831,14.0,32.0,40.0,0.38,3.0,0.34,2,34,52,74
832,11.0,28.0,40.0,0.25,7.11,0.0,2,33,55,77
833,10.9,31.0,16.56,0.27,3.0,0.0,1,32,59,73
834,8.1,25.0,37.0,0.32,7.0,0.0,1,30,66,65
835,6.0,25.0,32.0,0.38,10.0,0.0,1,29,71,71
836,11.4,39.0,17.0,0.53,14.0,0.0,0,27,79,65
837,20.3,42.0,5.0,0.98,15.0,0.0,0,26,86,260
838,33.1,60.0,3.0,0.89,14.0,0.0,0,25,87,272
839,46.1,81.0,4.0,0.76,12.0,0.0,0,25,88,256
840,51.5,82.0,6.0,0.61,6.0,0.0,0,24,90,243
841,52.5,75.0,11.0,0.38,4.0,0.0,0,24,89,253
842,43.9,54.0,15.0,0.33,2.0,0.0,0,24,88,276
843,36.2,55.0,12.0,0.35,3.0,0.0,0,24,90,291
844,38.5,49.0,10.0,0.39,4.0,0.0,0,23,91,275
845,28.6,59.0,4.0,0.49,7.0,0.0,0,23,91,276
846,20.4,51.0,2.0,0.5,9.0,0.0,0,23,92,244
847,30.0,51.0,6.0,0.61,13.0,0.0,0,23,89,246
848,23.6,57.0,18.0,0.46,10.0,0.0,1,25,81,255
849,42.5,60.0,36.0,0.29,5.0,0.0,1,28,72,247
850,37.7,60.0,47.0,0.26,3.0,0.0,1,30,63,230
851,35.7,53.0,52.0,0.24,3.0,0.0,1,33,54,118
852,26.3,44.0,52.0,0.24,3.0,0.0,1,34,51,84
853,20.9,42.0,51.0,0.24,4.0,0.0,1,35,46,76
854,16.7,32.0,41.0,0.38,4.0,0.34,1,33,55,89
855,12.3,32.0,37.0,0.29,7.11,0.0,2,31,61,78
856,13.6,37.0,16.56,0.31,8.0,0.0,1,31,64,80
857,14.1,41.0,35.0,0.32,7.0,0.0,1,32,62,86
858,13.1,30.0,31.0,0.41,12.0,0.0,1,29,69,68
859,10.8,34.0,24.0,0.47,15.0,0.0,0,28,74,66
860,23.5,39.0,9.0,0.81,16.0,0.0,0,27,83,341
861,30.7,49.0,4.0,0.94,14.0,0.0,0,26,87,234
862,45.6,77.0,7.0,0.84,9.0,0.0,0,26,88,283
863,58.3,88.0,10.0,0.63,7.0,0.0,0,25,88,328
864,57.2,86.0,6.0,0.6,7.0,0.0,0,25,90,339
865,54.6,76.0,2.0,0.6,6.0,0.0,0,24,92,249
866,53.9,74.0,9.0,0.38,3.0,0.0,0,24,92,220
867,46.1,70.0,14.0,0.31,3.0,0.0,0,23,88,239
868,41.7,57.0,12.0,0.31,3.0,0.0,0,23,90,260
869,29.8,52.0,10.0,0.37,4.0,0.0,0,23,91,245
870,22.3,40.0,8.0,0.42,7.0,0.0,0,23,89,232
871,17.0,38.0,8.0,0.53,14.0,0.0,0,24,84,253
872,21.9,52.0,19.0,0.41,8.0,0.0,1,26,78,280
873,32.8,58.0,28.0,0.22,4.0,0.0,1,29,74,218
874,34.7,57.0,34.0,0.22,3.0,0.0,2,30,66,194
875,30.4,55.0,38.0,0.21,3.0,0.0,1,32,59,160
876,23.7,40.0,44.0,0.22,3.0,0.0,1,33,53,130
877,19.1,32.0,45.0,0.38,4.0,0.34,1,34,50,104
878,14.8,35.0,46.0,0.26,7.11,0.0,1,35,48,92
879,16.4,34.0,16.56,0.26,6.0,0.0,1,34,49,110
880,12.7,31.0,38.0,0.26,8.0,0.0,1,34,51,94
881,10.1,28.0,30.0,0.28,10.0,0.0,1,33,56,94
882,8.4,21.0,22.0,0.33,10.0,0.0,1,30,66,99
883,9.9,20.0,21.0,0.29,9.0,0.0,1,29,73,107
884,8.0,26.0,18.0,0.29,9.0,0.0,0,28,77,61
885,15.1,25.0,8.0,0.61,13.0,0.0,0,27,83,281
886,19.3,31.0,8.0,0.61,10.0,0.0,1,27,84,336
887,25.3,48.0,10.0,0.53,7.0,0.0,0,26,86,343
888,24.4,49.0,9.0,0.45,7.0,0.0,0,26,87,326
889,23.2,45.0,4.0,0.45,6.0,1.0,0,25,91,213
890,20.8,44.0,5.0,0.38,4.0,1.0,0,25,91,249
891,23.2,47.0,8.0,0.34,4.0,1.0,0,24,90,304
892,21.3,41.0,3.0,0.39,5.0,1.0,1,24,92,268
893,17.3,31.0,6.0,0.39,5.0,1.0,0,24,92,262
894,19.3,32.0,9.0,0.39,7.0,0.0,1,23,90,229
895,15.1,26.0,11.0,0.49,13.0,1.0,0,24,85,245
896,20.7,40.0,20.0,0.37,7.0,0.0,1,27,77,274
897,34.8,68.0,31.0,0.21,4.0,1.0,1,29,70,256
898,30.3,43.0,36.0,0.22,3.0,1.0,0,32,60,114
899,22.6,34.0,37.0,0.2,3.0,1.0,1,34,53,79
900,15.7,29.0,34.0,0.38,3.0,0.34,1,34,50,78
901,17.5,31.0,33.0,0.18,7.11,1.0,2,34,52,66
902,13.2,27.0,16.56,0.19,3.0,1.0,2,33,53,68
903,10.3,23.0,28.0,0.2,6.0,1.0,2,33,55,71
904,8.8,25.0,29.0,0.27,9.0,1.0,1,32,58,73
905,14.4,36.0,29.0,0.28,7.0,1.0,1,32,61,73
906,10.8,28.0,24.0,0.28,9.0,1.0,1,30,69,74
907,18.2,30.0,18.0,0.31,10.0,1.0,0,29,72,112
908,14.7,31.0,13.0,0.35,10.0,1.0,0,28,76,165
909,18.4,36.0,4.0,0.58,13.0,1.0,0,27,84,237
910,21.8,40.0,2.0,0.63,10.0,1.0,0,26,87,240
911,36.2,44.0,5.0,0.54,7.0,1.0,0,26,88,240
912,34.0,55.0,6.0,0.49,5.0,1.0,1,25,90,241
913,39.9,56.0,7.0,0.4,3.0,0.0,0,25,89,244
914,34.5,47.0,8.0,0.31,3.0,0.0,0,25,88,240
915,30.9,42.0,8.0,0.26,3.0,0.0,0,24,89,246
916,31.0,43.0,8.0,0.28,3.0,0.0,0,24,88,243
917,22.5,40.0,7.0,0.33,4.0,0.0,0,24,90,231
918,19.5,36.0,3.0,0.37,7.0,0.0,0,24,90,263
919,15.3,34.0,3.0,0.57,12.0,0.0,1,24,87,275
920,21.8,36.0,7.0,0.54,12.0,0.0,1,27,80,264
921,26.8,48.0,19.0,0.23,5.0,0.0,1,29,69,232
922,26.9,46.0,26.0,0.17,4.0,0.0,1,31,63,211
923,20.8,35.0,31.0,0.38,3.0,0.34,1,32,56,146
924,18.6,31.0,33.0,0.17,7.11,0.0,1,34,52,128
925,20.7,34.0,16.56,0.18,3.0,0.0,1,35,49,78
926,15.8,26.0,28.0,0.16,3.0,0.0,2,35,50,68
927,12.7,28.0,26.0,0.17,5.0,0.0,2,35,48,77
928,9.8,26.0,21.0,0.17,6.0,0.0,2,34,50,76
929,7.4,26.0,18.0,0.2,6.0,0.0,1,32,54,99
930,6.4,21.0,14.0,0.26,8.0,0.0,1,30,62,97
931,4.8,16.0,12.0,0.25,9.0,0.0,1,29,69,93
932,6.4,18.0,10.0,0.28,9.0,0.0,0,28,73,132
933,8.3,23.0,4.0,0.88,11.0,0.0,0,27,82,277
934,12.1,30.0,3.0,0.56,10.0,0.0,0,26,83,244
935,10.5,31.0,4.0,0.45,7.0,0.0,0,26,84,258
936,14.9,39.0,4.0,0.39,5.0,0.0,0,25,87,244
937,19.4,37.0,5.0,0.35,4.0,0.0,0,25,88,247
938,17.5,29.0,7.0,0.25,3.0,0.0,1,24,87,244
939,17.5,33.0,10.0,0.2,3.0,0.0,1,24,85,248
940,13.3,31.0,8.0,0.27,4.0,0.0,0,24,86,248
941,12.7,34.0,5.0,0.34,4.0,1.0,0,24,89,261
942,12.8,35.0,4.0,0.45,6.0,0.0,0,24,89,310
943,12.5,32.0,1.0,0.78,15.0,1.0,0,24,86,283
944,20.9,46.0,5.0,0.52,10.0,0.0,1,26,82,268
945,32.2,51.0,19.0,0.43,5.0,0.0,1,29,73,248
946,33.3,63.0,30.0,0.38,3.0,0.34,1,31,63,140
947,25.1,53.0,31.0,0.2,7.11,1.0,1,32,62,142
948,19.2,40.0,16.56,0.2,3.0,1.0,1,33,58,103
949,13.8,38.0,33.0,0.21,5.0,1.0,1,34,52,120
950,22.1,39.0,37.0,0.22,4.0,1.0,2,34,51,96
951,17.1,36.0,37.0,0.26,7.0,1.0,2,33,52,91
952,13.5,35.0,34.0,0.26,8.0,1.0,1,33,56,96
953,17.1,43.0,30.0,0.29,7.0,1.0,1,31,60,109
954,13.1,36.0,27.0,0.29,8.0,1.0,1,30,67,128
955,9.5,42.0,22.0,0.29,10.0,1.0,1,29,71,142
956,16.2,40.0,16.0,0.35,12.0,1.0,0,28,76,197
957,25.2,48.0,10.0,0.43,11.0,1.0,0,27,81,211
958,30.7,52.0,7.0,0.55,9.0,1.0,0,26,85,271
959,33.5,56.0,9.0,0.48,7.0,0.0,0,26,86,186
960,28.2,51.0,8.0,0.47,6.0,0.0,0,25,87,214
961,32.6,53.0,6.0,0.47,6.0,0.0,0,25,88,257
962,34.8,60.0,7.0,0.4,4.0,0.0,0,25,88,335
963,30.7,49.0,5.0,0.38,4.0,0.0,0,24,90,251
964,25.9,42.0,3.0,0.43,5.0,0.0,0,24,90,248
965,23.8,42.0,2.0,0.48,7.0,0.0,0,24,90,269
966,22.5,41.0,2.0,0.57,8.0,0.0,0,24,90,231
967,20.4,38.0,2.0,0.85,12.0,0.0,0,25,87,268
968,28.2,57.0,8.0,0.55,13.0,0.0,0,28,76,208
969,27.9,53.0,18.0,0.38,10.0,0.34,1,30,66,123
970,29.2,54.0,23.0,0.17,7.11,0.0,1,32,56,120
971,25.8,48.0,16.56,0.16,4.0,0.0,1,33,53,122
972,20.5,42.0,26.0,0.16,4.0,0.0,1,32,54,122
973,14.6,31.0,28.0,0.15,3.0,0.0,2,33,51,133
974,11.6,36.0,28.0,0.16,3.0,0.0,2,33,52,119
975,9.4,31.0,27.0,0.18,5.0,0.0,1,32,54,132
976,7.6,35.0,28.0,0.19,5.0,0.0,2,32,54,141
977,6.0,36.0,26.0,0.22,5.0,0.0,1,31,56,127
978,4.9,29.0,23.0,0.28,8.0,0.0,1,29,63,133
979,3.9,31.0,21.0,0.27,10.0,0.0,1,28,67,127
980,6.2,40.0,22.0,0.25,8.0,0.0,0,28,69,126
981,6.1,38.0,23.0,0.23,7.0,0.0,0,28,70,120
982,7.6,36.0,25.0,0.24,6.0,0.0,0,28,71,110
983,11.1,41.0,29.0,0.2,3.0,0.0,1,28,68,140
984,12.3,43.0,23.0,0.37,4.0,0.0,0,26,76,159
985,10.8,40.0,12.0,0.76,4.0,0.0,0,25,84,239
986,17.6,44.0,13.0,0.53,4.0,0.0,0,25,84,297
987,22.3,51.0,11.0,0.61,5.0,0.0,0,25,85,265
988,25.8,49.0,7.0,0.65,6.0,0.0,0,24,87,348
989,21.1,47.0,3.0,0.69,11.0,0.0,0,24,88,113
990,17.7,52.0,3.0,0.85,10.0,0.0,0,24,89,223
991,23.3,49.0,10.0,0.81,14.0,0.0,0,25,82,121
992,19.9,49.0,32.0,0.38,6.0,0.34,1,29,68,118
993,22.9,48.0,38.0,0.27,7.11,0.0,1,30,62,129
994,17.8,42.0,16.56,0.26,4.0,0.0,1,31,58,128
995,22.7,46.0,41.0,0.24,3.0,1.0,2,32,55,132
996,17.0,39.0,40.0,0.25,4.0,0.0,2,32,56,131
997,15.3,43.0,41.0,0.24,3.0,1.0,2,32,55,126
998,11.7,42.0,42.0,0.24,3.0,1.0,2,31,56,126
999,9.4,47.0,44.0,0.23,3.0,1.0,2,31,56,132
1000,10.8,36.0,43.0,0.25,4.0,1.0,2,31,55,122
1001,8.3,30.0,42.0,0.28,6.0,1.0,1,30,59,126
1002,6.2,37.0,38.0,0.34,9.0,0.0,1,29,63,123
1003,6.6,36.0,35.0,0.37,11.0,0.0,0,28,67,127
1004,7.5,40.0,32.0,0.39,12.0,0.0,0,27,70,108
1005,10.7,41.0,18.0,0.57,15.0,0.0,0,26,77,66
1006,25.9,53.0,11.0,1.03,13.0,0.0,0,25,84,263
1007,27.2,65.0,4.0,1.18,18.0,0.0,0,25,85,338
1008,37.2,75.0,9.0,0.71,12.0,0.0,0,25,85,324
1009,39.9,77.0,7.0,0.7,11.0,0.0,0,24,87,356
1010,41.8,77.0,2.0,0.99,10.0,0.0,0,24,89,249
1011,41.9,79.0,2.0,0.83,9.0,0.0,0,24,90,335
1012,38.5,76.0,1.0,0.81,16.0,0.0,0,24,88,333
1013,34.4,69.0,1.0,0.88,14.0,0.0,0,24,89,218
1014,31.9,71.0,1.0,0.88,13.0,0.34,0,23,91,272
1015,33.2,76.0,1.0,0.38,24.0,0.34,0,24,88,314
1016,40.6,81.0,19.0,0.66,7.11,1.0,0,27,78,146
1018,33.8,67.0,45.0,0.27,5.0,0.0,1,31,58,129
1019,30.5,65.0,46.0,0.26,6.0,0.0,2,31,56,131
1020,23.1,55.0,44.0,0.25,5.0,0.0,1,31,56,124
1021,17.0,42.0,45.0,0.24,5.0,0.0,1,30,58,129
1022,12.7,49.0,44.0,0.25,5.0,0.0,1,31,58,121
1023,12.1,46.0,41.0,0.31,10.0,0.0,1,31,59,119
1024,13.5,55.0,36.0,0.33,11.0,0.0,1,29,66,125
1025,18.9,41.0,36.0,0.34,12.0,0.0,1,29,65,135
1026,17.0,41.0,35.0,0.38,10.0,0.0,0,28,71,67
1027,15.8,63.0,28.0,0.44,9.0,0.34,1,26,86,326
1028,24.4,49.0,22.0,0.48,9.0,0.0,0,26,85,81
1029,24.5,48.0,15.0,0.52,10.0,0.0,0,26,86,337
1030,28.7,55.0,6.0,0.63,10.0,0.0,0,25,90,338
1031,26.2,67.0,3.0,0.67,9.0,0.0,0,24,91,250
1032,32.5,56.0,3.0,0.63,8.0,0.0,0,24,92,336
1033,28.9,56.0,3.0,0.58,9.0,0.0,0,23,92,334
1034,30.8,56.0,4.0,0.56,7.0,0.0,0,23,92,258
1035,26.4,52.0,5.0,0.55,6.0,0.0,0,23,92,213
1036,28.3,55.0,3.0,0.52,7.0,0.0,0,23,93,243
1037,20.9,51.0,5.0,0.55,7.0,0.0,0,23,92,231
1038,15.3,49.0,3.0,0.38,14.0,0.34,0,23,91,356
1039,20.7,53.0,2.0,1.35,7.11,0.0,0,24,88,333
1040,21.0,70.0,16.56,0.7,17.0,0.0,0,28,73,32
1041,27.5,70.0,43.0,0.31,6.0,0.0,1,31,63,84
1042,30.0,68.0,46.0,0.25,3.0,0.0,2,32,58,76
1043,23.3,55.0,47.0,0.25,3.0,0.0,2,32,57,83
1044,17.9,47.0,46.0,0.26,4.0,0.0,1,31,59,98
1045,13.1,41.0,44.0,0.23,3.0,0.0,1,32,56,107
1046,14.1,40.0,46.0,0.23,4.0,0.0,2,33,53,125
1047,11.0,33.0,43.0,0.28,10.0,0.0,1,33,51,120
1048,8.6,33.0,39.0,0.29,15.0,0.0,1,32,55,126
1049,7.7,31.0,43.0,0.31,9.0,0.0,1,31,59,132
1050,6.9,25.0,36.0,0.38,10.0,0.0,1,29,66,141
1051,11.9,39.0,34.0,0.36,12.0,0.0,0,28,70,134
1052,15.9,40.0,30.0,0.41,11.0,0.0,0,28,73,132
1053,17.6,49.0,14.0,1.26,14.0,0.0,0,26,82,218
1054,36.3,71.0,8.0,1.22,12.0,0.0,0,25,85,190
1055,49.7,91.0,2.0,1.08,17.0,0.0,0,25,87,200
1056,54.3,107.0,2.0,1.23,15.0,0.0,0,25,88,242
1057,49.1,95.0,1.0,1.13,13.0,0.0,0,25,89,245
1058,48.1,98.0,2.0,1.21,12.0,0.0,0,24,90,343
1059,43.1,92.0,2.0,1.0,11.0,0.0,0,24,91,283
1060,41.8,86.0,4.0,0.96,10.0,0.34,0,24,91,254
1061,44.8,95.0,3.0,0.38,16.0,0.34,0,24,90,133
1062,41.7,86.0,14.0,0.54,7.11,0.34,0,25,94,124
1063,33.8,67.0,16.56,0.52,17.0,0.34,1,25,94,290
1064,30.9,62.0,12.0,0.62,20.0,0.0,1,26,90,329
1065,23.9,46.0,22.0,0.31,9.0,0.0,1,29,77,100
1066,28.7,58.0,25.0,0.14,4.0,0.0,1,30,70,97
1067,26.2,53.0,27.0,0.12,3.0,0.0,2,31,61,93
1068,20.2,41.0,27.0,0.11,3.0,0.0,1,32,61,90
1069,22.2,45.0,26.0,0.11,2.0,0.0,2,32,59,91
1070,16.0,39.0,24.0,0.13,3.0,0.0,1,31,69,100
1071,13.3,40.0,22.0,0.15,7.0,0.0,1,32,62,111
1072,9.9,36.0,17.0,0.21,9.0,0.0,1,28,81,132
1073,7.2,27.0,17.0,0.21,8.0,0.0,1,29,75,122
1074,6.5,25.0,16.0,0.32,10.0,0.0,1,28,75,126
1075,10.7,35.0,7.0,0.53,17.0,0.0,0,27,81,125
1076,18.3,38.0,4.0,0.53,14.0,0.0,0,26,87,50
1077,22.4,44.0,2.0,0.94,13.0,0.0,0,26,90,283
1078,26.5,52.0,1.0,0.74,12.0,0.0,0,26,91,299
1079,27.9,55.0,1.0,0.63,11.0,0.0,0,25,91,256
1080,25.8,49.0,2.0,0.38,8.0,0.0,0,25,92,240
1081,26.2,55.0,4.0,0.46,6.0,0.0,0,25,90,292
1082,27.8,55.0,4.0,0.43,5.0,0.34,0,25,91,240
1083,23.8,49.0,3.0,0.31,5.0,0.0,0,25,93,240
1084,17.1,45.0,1.0,0.38,7.0,0.34,0,25,92,159
1085,13.0,45.0,1.0,0.53,7.11,0.34,0,25,92,190
1086,12.4,43.0,16.56,0.72,8.0,1.0,0,24,94,304
1087,10.2,39.0,2.0,0.88,12.0,0.0,0,25,91,287
1088,15.7,49.0,16.0,0.37,9.0,0.34,0,28,76,152
1089,15.7,56.0,24.0,0.21,4.0,0.0,1,31,64,89
1090,16.3,50.0,25.0,0.18,3.0,0.0,1,31,59,102
1091,18.1,37.0,26.0,0.17,3.0,0.0,1,32,56,106
1092,14.3,35.0,26.0,0.17,2.0,0.0,2,33,55,99
1093,13.3,32.0,27.0,0.17,2.0,0.0,2,33,52,98
1094,13.0,31.0,26.0,0.16,3.0,0.0,2,33,52,111
1095,10.4,24.0,25.0,0.23,6.0,0.0,1,33,52,117
1096,8.4,23.0,23.0,0.22,7.0,0.0,1,33,53,112
1097,6.5,18.0,23.0,0.24,6.0,0.0,1,31,57,101
1098,6.5,15.0,17.0,0.32,10.0,0.0,1,29,67,115
1099,7.9,22.0,14.0,0.32,10.0,0.0,0,28,72,129
1100,8.7,25.0,15.0,0.28,8.0,0.0,0,28,74,130
1101,12.5,37.0,14.0,0.29,9.0,0.0,0,27,77,74
1102,14.8,55.0,11.0,0.36,9.0,0.0,0,27,81,5
1103,20.6,62.0,5.0,0.45,9.0,0.0,0,26,84,349
1104,15.9,70.0,3.0,0.52,9.0,0.0,0,25,87,352
1105,23.5,66.0,8.0,0.36,6.0,1.0,1,25,85,358
1106,28.4,58.0,10.0,0.27,5.0,0.0,1,26,86,355
1107,25.9,49.0,5.0,0.38,8.0,0.34,0,25,87,334
1108,27.6,53.0,4.0,0.39,7.11,1.0,0,25,87,351
1109,22.5,45.0,16.56,0.35,9.0,1.0,1,25,85,352
1110,17.2,47.0,4.0,0.44,10.0,1.0,1,25,87,354
1111,17.3,46.0,4.0,0.57,15.0,1.0,1,26,83,353
1112,25.5,53.0,12.0,0.53,14.0,1.0,0,28,76,3
1113,24.6,63.0,25.0,0.24,6.0,0.0,1,29,69,91
1114,25.6,53.0,27.0,0.19,7.0,0.0,1,31,64,100
1115,24.8,52.0,29.0,0.22,10.0,0.0,2,32,57,82
1116,18.6,46.0,33.0,0.23,4.0,1.0,1,32,55,109
1117,18.6,34.0,34.0,0.2,3.0,1.0,1,33,54,102
1118,14.0,28.0,33.0,0.21,3.0,1.0,2,33,55,94
1119,11.7,38.0,28.0,0.24,6.0,1.0,1,32,60,96
1120,8.9,30.0,28.0,0.26,7.0,1.0,1,32,59,116
1121,12.2,39.0,25.0,0.25,7.0,1.0,1,30,64,133
1122,9.1,31.0,19.0,0.3,9.0,1.0,1,29,70,130
1123,11.9,45.0,16.0,0.31,10.0,1.0,0,28,73,118
1124,9.7,53.0,13.0,0.36,12.0,1.0,0,28,76,62
1125,14.5,48.0,12.0,0.31,11.0,1.0,1,27,78,2
1126,16.8,50.0,6.0,0.47,11.0,1.0,0,26,83,331
1127,24.8,54.0,2.0,0.67,10.0,1.0,0,25,88,275
1128,30.5,62.0,2.0,0.59,10.0,1.0,0,25,88,345
1129,28.4,69.0,3.0,0.47,10.0,1.0,0,25,88,358
1130,32.9,72.0,3.0,0.38,8.0,0.34,0,24,89,353
1131,23.8,65.0,1.0,0.44,7.11,1.0,0,24,91,269
1132,29.6,60.0,16.56,0.52,6.0,1.0,0,24,91,356
1133,24.1,54.0,1.0,0.54,8.0,1.0,0,24,91,286
1134,23.3,47.0,0.0,0.51,9.0,1.0,0,24,91,189
1135,17.2,49.0,1.0,0.73,10.0,1.0,0,24,89,280
1136,26.1,53.0,10.0,0.68,12.0,2.0,0,28,76,196
1137,30.4,67.0,23.0,0.54,7.0,5.0,1,30,65,130
1138,27.8,64.0,27.0,0.2,6.0,1.0,1,31,58,127
1139,23.2,65.0,31.0,0.19,7.0,1.0,1,32,52,119
1140,24.6,46.0,33.0,0.19,4.0,1.0,2,33,52,135
1141,18.1,38.0,34.0,0.15,3.0,0.0,2,32,50,140
1142,16.0,38.0,34.0,0.15,3.0,1.0,1,33,48,128
1143,11.9,33.0,33.0,0.16,3.0,1.0,1,33,50,125
1144,8.8,31.0,31.0,0.16,4.0,0.0,1,32,51,116
1145,13.6,35.0,26.0,0.19,6.0,1.0,1,31,53,123
1146,10.5,27.0,19.0,0.29,11.0,1.0,1,29,60,114
1147,7.7,28.0,16.0,0.31,12.0,1.0,0,28,66,131
1148,12.5,43.0,14.0,0.34,11.0,1.0,0,27,73,130
1149,17.7,53.0,4.0,0.63,12.0,1.0,0,25,83,270
1150,26.3,52.0,1.0,0.78,13.0,1.0,0,25,85,303
1151,30.1,57.0,1.0,0.8,13.0,1.0,0,24,86,246
1152,38.7,78.0,1.0,0.69,12.0,1.0,0,24,88,247
1153,37.6,76.0,2.0,0.38,10.0,0.34,0,24,88,243
1154,36.7,74.0,4.0,0.38,7.11,0.0,0,23,89,248
1155,32.9,63.0,16.56,0.29,5.0,0.0,0,23,88,259
1156,30.5,60.0,3.0,0.27,4.0,0.0,0,23,90,271
1157,23.7,48.0,6.0,0.23,4.0,0.0,0,23,89,279
1158,18.1,50.0,3.0,0.27,6.0,0.0,0,23,90,288
1159,13.7,42.0,3.0,0.45,8.0,0.0,0,24,88,272
1160,19.8,54.0,11.0,0.41,10.0,0.0,1,27,77,261
1161,28.6,59.0,25.0,0.17,5.0,0.0,1,30,64,78
1162,27.6,58.0,25.0,0.13,3.0,0.0,1,31,61,107
1163,23.9,48.0,27.0,0.1,3.0,0.0,2,32,54,75
1164,22.1,45.0,25.0,0.11,2.0,0.0,2,32,53,76
1165,18.2,35.0,24.0,0.09,2.0,0.0,2,32,56,73
1166,13.8,28.0,22.0,0.09,4.0,0.0,2,31,59,71
1167,12.4,24.0,21.0,0.1,4.0,0.0,2,30,63,71
1168,10.0,32.0,20.0,0.12,4.0,0.0,1,30,64,74
1169,10.1,35.0,20.0,0.16,5.0,0.0,1,29,63,73
1170,7.9,27.0,16.0,0.22,8.0,0.0,1,29,67,96
1171,9.4,29.0,12.0,0.27,8.0,0.0,1,27,79,267
1172,17.9,37.0,7.0,0.38,11.0,0.0,0,26,86,311
1173,23.2,49.0,7.0,0.31,11.0,0.0,1,26,85,320
1174,25.8,50.0,7.0,0.29,8.0,0.0,1,26,87,279
1175,23.9,46.0,6.0,0.25,6.0,0.0,0,26,87,294
1176,22.9,46.0,5.0,0.38,6.0,0.34,0,26,87,303
1177,18.1,39.0,3.0,0.38,7.11,0.0,0,25,90,274
1178,21.8,43.0,16.56,0.38,6.0,0.0,0,25,90,348
1179,20.2,39.0,4.0,0.35,8.0,0.0,0,25,89,329
1180,17.3,34.0,3.0,0.34,5.0,0.0,0,24,92,252
1181,19.8,38.0,2.0,0.37,5.0,0.0,0,24,92,254
1182,15.3,34.0,1.0,0.44,6.0,0.0,1,24,93,242
1183,16.7,34.0,3.0,0.56,11.0,0.0,0,25,89,251
1184,24.4,54.0,12.0,0.36,6.0,0.0,1,28,77,239
1185,30.3,56.0,20.0,0.21,3.0,0.0,1,30,66,138
1186,25.7,45.0,22.0,0.22,4.0,0.0,1,32,62,136
1187,19.5,44.0,21.0,0.21,3.0,0.0,1,33,58,95
1188,22.7,34.0,22.0,0.18,2.0,0.0,1,34,51,104
1189,17.1,30.0,21.0,0.17,2.0,0.0,1,35,49,113
1190,12.7,24.0,21.0,0.17,3.0,0.0,1,35,49,112
1191,10.0,21.0,19.0,0.21,5.0,0.0,1,34,49,119
1192,8.5,17.0,19.0,0.23,5.0,0.0,1,34,50,109
1193,7.4,14.0,18.0,0.24,6.0,0.0,1,33,53,130
1194,6.1,12.0,15.0,0.28,8.0,0.0,1,30,63,133
1195,4.7,12.0,14.0,0.27,6.0,0.0,1,29,71,122
1196,5.5,20.0,12.0,0.29,7.0,0.0,0,28,76,170
1197,9.5,31.0,5.0,0.42,9.0,0.0,0,27,83,257
1198,18.1,34.0,5.0,0.44,8.0,0.0,0,27,84,226
1199,14.7,29.0,3.0,0.38,8.0,0.34,0,26,86,237
1200,20.0,36.0,3.0,0.45,7.11,0.0,0,26,87,299
1201,23.4,56.0,16.56,0.39,5.0,1.0,0,25,86,234
1202,22.4,41.0,3.0,0.34,3.0,1.0,0,25,88,240
1203,18.1,33.0,4.0,0.29,3.0,1.0,0,25,87,286
1204,15.7,32.0,3.0,0.31,3.0,1.0,0,24,87,268
1205,14.1,25.0,1.0,0.43,5.0,1.0,0,24,90,290
1206,12.6,27.0,0.0,0.46,6.0,1.0,0,24,90,266
1207,18.6,32.0,3.0,0.52,9.0,1.0,0,25,84,238
1208,14.3,31.0,11.0,0.4,6.0,1.0,1,29,74,293
1209,23.1,50.0,19.0,0.22,4.0,0.0,1,30,67,201
1210,17.2,44.0,23.0,0.22,3.0,0.0,1,32,61,162
1211,16.4,33.0,24.0,0.21,3.0,0.0,1,33,55,117
1212,13.0,31.0,23.0,0.21,3.0,0.0,1,34,55,111
1213,14.0,24.0,21.0,0.19,2.0,0.0,2,35,52,85
1214,10.4,28.0,20.0,0.19,2.0,0.0,2,34,53,94
1215,8.5,22.0,19.0,0.22,6.0,0.0,1,33,56,90
1216,7.3,26.0,19.0,0.25,6.0,0.0,1,32,58,84
1217,6.3,20.0,17.0,0.29,9.0,0.0,1,31,64,93
1218,5.9,25.0,14.0,0.3,9.0,0.0,1,30,69,102
1219,8.2,30.0,15.0,0.4,10.0,0.0,0,29,72,132
1220,8.8,31.0,15.0,0.32,8.0,1.0,0,28,75,154
1221,7.7,25.0,6.0,0.47,10.0,0.0,0,26,84,217
1222,6.7,29.0,5.0,0.38,9.0,0.34,0,26,86,267
1223,14.5,39.0,3.0,0.51,7.11,1.0,0,26,89,249
1224,18.8,40.0,16.56,0.38,4.0,0.0,0,25,90,241
1225,16.0,37.0,6.0,0.21,3.0,0.0,1,25,90,238
1226,14.5,31.0,5.0,0.18,2.0,0.0,0,25,89,245
1227,16.0,30.0,4.0,0.18,3.0,0.0,0,24,90,238
1228,15.0,22.0,6.0,0.18,3.0,0.0,0,24,87,246
1229,11.5,19.0,5.0,0.26,5.0,0.0,0,24,87,209
1230,9.3,23.0,3.0,0.31,7.0,0.0,0,24,88,246
1231,7.8,25.0,4.0,0.44,9.0,0.0,1,25,86,253
1232,6.3,23.0,16.0,0.27,5.0,0.0,1,28,76,281
1233,19.8,46.0,24.0,0.18,4.0,0.0,1,30,69,222
1234,21.6,39.0,29.0,0.16,3.0,0.0,1,32,58,145
1235,16.2,40.0,30.0,0.15,3.0,0.0,1,32,54,173
1236,11.9,29.0,27.0,0.15,3.0,0.0,1,34,51,97
1237,8.8,23.0,26.0,0.14,2.0,0.0,1,35,49,100
1238,7.1,25.0,26.0,0.13,2.0,0.0,1,35,48,101
1239,6.2,19.0,24.0,0.15,4.0,0.0,2,35,48,100
1240,4.9,23.0,22.0,0.15,4.0,0.0,1,34,50,103
1241,4.5,26.0,22.0,0.18,5.0,0.0,1,32,52,99
1242,4.5,21.0,18.0,0.22,7.0,0.0,1,30,61,109
1243,3.7,26.0,17.0,0.2,6.0,0.0,1,29,68,129
1244,3.2,20.0,17.0,0.18,6.0,0.0,0,29,71,145
1245,4.3,23.0,8.0,0.38,10.0,0.34,0,27,78,201
1246,5.5,24.0,5.0,0.46,7.11,1.0,0,26,82,268
1247,9.5,26.0,16.56,0.4,8.0,0.0,0,26,83,238
1248,11.5,36.0,6.0,0.35,5.0,0.0,1,25,85,242
1249,10.8,34.0,7.0,0.25,3.0,1.0,0,25,85,240
1250,11.7,34.0,7.0,0.26,3.0,0.34,1,25,87,237
1251,14.8,34.0,6.0,0.2,3.0,0.0,1,25,86,240
1252,15.2,29.0,7.0,0.19,3.0,0.0,0,25,85,233
1253,11.8,23.0,5.0,0.23,5.0,0.0,0,25,86,216
1254,9.6,20.0,3.0,0.39,9.0,0.0,0,25,86,217
1255,7.1,18.0,6.0,0.46,10.0,0.0,0,25,83,255
1256,13.8,30.0,19.0,0.24,5.0,0.0,1,28,74,243
1257,15.3,43.0,25.0,0.17,4.0,0.0,1,30,66,229
1258,19.0,37.0,30.0,0.16,3.0,0.0,1,32,57,163
1259,14.5,43.0,35.0,0.16,3.0,0.0,1,33,55,169
1260,15.2,33.0,37.0,0.17,5.0,0.0,1,34,51,100
1261,11.1,26.0,31.0,0.15,2.0,0.0,2,35,49,83
1262,8.4,23.0,28.0,0.15,3.0,0.0,1,35,48,100
1263,6.7,23.0,26.0,0.15,5.0,0.0,2,35,46,79
1264,5.2,18.0,21.0,0.16,7.0,0.0,1,34,48,97
1265,9.0,17.0,21.0,0.18,7.0,0.0,1,33,52,98
1266,7.9,15.0,16.0,0.28,10.0,0.0,1,30,61,122
1267,5.9,12.0,16.0,0.28,10.0,0.0,0,29,67,134
1268,4.5,14.0,14.0,0.38,10.0,0.34,0,28,71,156
1269,4.2,19.0,6.0,0.58,7.11,0.0,0,27,80,240
1270,9.7,32.0,16.56,0.63,10.0,0.0,0,26,83,262
1271,12.7,36.0,4.0,0.51,9.0,0.0,0,25,85,249
1272,15.5,36.0,3.0,0.44,7.0,0.0,0,25,88,247
1273,20.3,45.0,5.0,0.29,4.0,0.0,0,24,89,253
1274,16.0,37.0,5.0,0.23,3.0,0.0,0,24,89,250
1275,13.9,28.0,5.0,0.22,4.0,0.0,0,24,89,241
1276,15.5,29.0,5.0,0.21,3.0,0.0,0,23,89,244
1277,11.5,25.0,7.0,0.26,5.0,0.0,0,23,85,340
1278,8.8,22.0,1.0,0.52,9.0,1.0,0,23,88,333
1279,7.1,30.0,1.0,0.7,11.0,1.0,0,24,87,269
1280,6.4,33.0,12.0,0.41,12.0,1.0,1,28,69,355
1281,15.5,58.0,23.0,0.17,5.0,0.0,1,31,61,88
1282,16.5,42.0,23.0,0.15,4.0,0.0,1,32,56,98
1283,12.8,31.0,23.0,0.14,3.0,0.0,1,33,53,80
1284,12.8,24.0,22.0,0.13,2.0,0.0,1,34,51,76
1285,10.6,25.0,21.0,0.11,2.0,0.0,1,34,48,78
1286,7.8,19.0,19.0,0.12,5.0,0.0,2,35,48,71
1287,5.7,15.0,19.0,0.16,6.0,0.0,2,34,50,70
1288,4.3,12.0,18.0,0.17,6.0,0.0,2,33,50,83
1289,3.5,13.0,18.0,0.2,6.0,0.0,1,32,52,93
1290,3.3,11.0,17.0,0.27,9.0,0.0,1,30,60,88
1291,2.7,9.0,14.0,0.38,13.0,0.34,1,29,66,77
1292,2.4,15.0,12.0,0.3,7.11,0.0,1,28,70,72
1293,2.1,27.0,16.56,0.27,10.0,0.0,1,28,73,68
1294,3.0,28.0,2.0,0.5,14.0,0.0,0,26,80,350
1295,4.1,33.0,2.0,0.49,11.0,0.0,0,25,83,353
1296,7.4,38.0,1.0,0.53,10.0,0.0,0,25,86,343
1297,11.4,40.0,1.0,0.66,8.0,0.0,0,24,88,264
1298,19.2,49.0,1.0,0.59,8.0,0.0,0,24,89,263
1299,25.1,50.0,1.0,0.45,8.0,0.0,0,24,89,270
1300,24.2,40.0,1.0,0.44,6.0,52.0,0,23,90,250
1301,20.2,33.0,1.0,0.41,7.0,16.0,0,23,89,292
1302,15.3,29.0,1.0,0.58,9.0,0.0,0,23,90,184
1303,15.5,32.0,2.0,0.71,11.0,0.0,0,24,86,259
1304,17.6,40.0,12.0,0.54,12.0,1.0,0,29,69,62
1305,24.6,50.0,19.0,0.18,7.0,0.0,1,31,59,127
1306,22.4,36.0,21.0,0.16,6.0,0.0,1,32,54,119
1307,17.2,28.0,21.0,0.17,6.0,0.0,1,33,50,106
1308,12.5,26.0,20.0,0.18,8.0,0.0,1,34,47,105
1309,9.4,20.0,19.0,0.23,10.0,0.0,2,35,44,90
1310,7.8,21.0,20.0,0.2,9.0,0.0,2,35,45,99
1311,6.8,20.0,25.0,0.25,8.0,0.0,2,34,46,88
1312,5.2,17.0,22.0,0.27,7.0,0.0,1,33,48,115
1313,13.7,26.0,17.0,0.38,12.0,0.0,1,32,53,103
1314,10.3,21.0,16.0,0.38,13.0,0.34,1,30,62,81
1315,11.9,24.0,12.0,0.64,7.11,0.0,0,29,67,89
1316,8.6,33.0,16.56,0.55,17.0,0.0,1,29,69,73
1317,9.5,33.0,10.0,0.59,19.0,0.0,1,28,72,68
1318,8.2,44.0,8.0,0.59,14.0,0.0,1,27,76,15
1319,6.6,38.0,5.0,0.54,11.0,0.0,0,26,80,349
1320,16.4,41.0,5.0,0.51,10.0,0.0,0,26,82,300
1321,22.4,45.0,4.0,0.39,8.0,0.0,0,26,84,214
1322,21.4,44.0,7.0,0.31,8.0,0.0,0,26,83,295
1323,18.1,37.0,7.0,0.28,5.0,0.0,0,25,87,267
1324,16.7,31.0,6.0,0.28,4.0,0.0,0,25,88,211
1325,13.1,30.0,2.0,0.38,7.0,0.0,0,25,87,243
1326,10.1,29.0,1.0,0.48,9.0,0.0,0,25,88,4
1327,11.4,34.0,3.0,0.51,9.0,0.0,0,26,85,286
1328,20.7,39.0,14.0,0.32,7.0,0.0,0,29,71,112
1329,20.5,45.0,22.0,0.17,3.0,0.0,1,31,61,122
1330,15.8,40.0,22.0,0.15,3.0,0.0,1,32,57,134
1331,19.7,36.0,23.0,0.14,2.0,0.0,1,33,52,136
1332,15.1,36.0,23.0,0.14,2.0,0.0,2,33,54,96
1333,11.5,29.0,21.0,0.12,2.0,0.0,2,34,50,97
1334,8.8,24.0,22.0,0.12,1.0,0.0,2,34,48,97
1335,7.1,19.0,22.0,0.13,2.0,0.0,1,34,49,104
1336,6.1,22.0,21.0,0.14,2.0,0.0,1,34,51,95
1337,10.6,17.0,20.0,0.38,3.0,0.34,1,32,55,137
1338,8.9,15.0,17.0,0.21,7.11,0.0,1,30,63,116
1339,7.7,14.0,16.56,0.26,8.0,0.0,1,29,68,133
1340,9.1,25.0,13.0,0.25,8.0,0.0,0,29,71,113
1341,19.6,29.0,11.0,0.29,7.0,0.0,0,28,75,64
1342,17.7,36.0,4.0,0.53,9.0,1.0,0,27,83,242
1343,19.7,54.0,1.0,0.7,11.0,1.0,0,26,84,286
1344,28.9,65.0,1.0,0.67,10.0,1.0,0,26,84,331
1345,29.9,65.0,1.0,0.58,10.0,1.0,0,26,86,213
1346,31.6,55.0,2.0,0.5,6.0,1.0,0,25,89,236
1347,24.2,45.0,3.0,0.38,5.0,1.0,0,25,89,316
1348,23.4,46.0,3.0,0.49,5.0,0.0,0,25,88,240
1349,22.1,44.0,1.0,0.61,6.0,0.0,0,25,89,173
1350,24.0,41.0,0.0,0.72,8.0,0.0,0,25,89,0
1351,26.4,46.0,1.0,0.88,13.0,0.0,0,26,86,285
1352,29.7,57.0,12.0,0.36,7.0,0.0,1,29,72,91
1353,26.9,50.0,22.0,0.18,4.0,0.0,1,31,62,100
1354,20.8,53.0,28.0,0.16,3.0,0.0,1,32,57,116
1355,17.6,47.0,30.0,0.15,3.0,0.0,2,33,53,109
1356,13.3,39.0,32.0,0.15,2.0,0.0,2,33,53,130
1357,15.1,38.0,33.0,0.16,2.0,0.0,2,33,53,122
1358,12.2,34.0,36.0,0.16,2.0,0.0,1,33,51,119
1359,9.7,26.0,35.0,0.17,3.0,0.0,1,33,53,117
1361,16.3,33.0,32.0,0.22,7.11,0.0,1,31,59,131
1362,13.2,36.0,16.56,0.26,7.0,0.0,1,30,65,134
1363,9.8,42.0,25.0,0.29,10.0,0.0,0,29,70,123
1364,10.8,60.0,24.0,0.25,9.0,0.0,0,28,72,108
1365,17.9,48.0,25.0,0.25,7.0,0.0,0,28,75,74
1366,21.1,51.0,23.0,0.24,7.0,0.0,0,28,77,85
1367,16.8,54.0,10.0,0.36,7.0,0.0,0,26,86,246
1368,20.0,59.0,2.0,0.62,11.0,0.0,0,25,88,268
1369,32.0,60.0,1.0,0.58,12.0,0.0,0,25,89,262
1370,33.3,63.0,5.0,0.48,8.0,0.0,0,24,89,266
1371,27.5,54.0,8.0,0.47,6.0,0.0,0,24,89,280
1372,28.2,56.0,8.0,0.45,6.0,0.0,0,24,90,269
1373,26.2,45.0,3.0,0.5,9.0,0.0,0,24,90,271
1374,22.5,39.0,1.0,0.62,11.0,0.0,0,23,90,327
1375,24.7,52.0,2.0,1.28,21.0,0.0,0,25,86,304
1376,35.8,82.0,20.0,0.58,15.0,0.0,0,29,68,18
1377,37.1,74.0,30.0,0.18,4.0,0.0,1,31,62,151
1378,27.3,63.0,28.0,0.16,3.0,0.0,1,32,56,121
1379,22.1,44.0,27.0,0.15,3.0,0.0,1,33,51,116
1380,20.7,40.0,26.0,0.15,3.0,0.0,1,33,52,122
1381,18.5,42.0,25.0,0.14,2.0,0.0,1,34,49,115
1382,14.3,32.0,27.0,0.15,3.0,0.0,2,34,49,92
1383,10.9,27.0,26.0,0.38,4.0,0.34,2,33,50,98
1384,9.0,26.0,25.0,0.17,7.11,0.0,1,33,53,104
1385,7.6,28.0,16.56,0.2,5.0,0.0,1,32,57,117
1386,5.8,22.0,18.0,0.25,7.0,0.0,1,30,63,110
1387,4.4,22.0,16.0,0.3,9.0,0.0,0,29,67,101
1388,5.5,42.0,13.0,0.38,9.0,0.0,0,28,71,57
1389,7.1,54.0,13.0,0.38,7.0,0.0,0,28,73,67
1390,14.2,45.0,4.0,1.33,13.0,0.0,0,26,80,334
1391,26.0,58.0,3.0,1.8,11.0,0.0,0,26,84,340
1392,36.4,80.0,2.0,0.86,11.0,0.0,0,25,85,318
1393,35.8,73.0,1.0,0.8,10.0,0.0,0,25,86,271
1394,32.8,71.0,1.0,0.87,9.0,0.0,0,25,88,286
1395,35.8,71.0,1.0,0.88,8.0,0.0,0,24,89,250
1396,30.7,66.0,1.0,0.66,7.0,0.0,0,24,90,259
1397,28.1,56.0,1.0,0.99,9.0,0.0,0,24,89,331
1398,30.8,61.0,1.0,1.24,11.0,0.0,0,24,89,336
1399,32.6,66.0,2.0,1.48,20.0,0.0,0,26,84,141
1400,35.6,77.0,15.0,0.21,7.0,0.0,1,30,66,107
1401,32.4,71.0,21.0,0.12,5.0,0.0,1,31,59,124
1402,30.5,64.0,25.0,0.09,3.0,0.0,2,32,54,131
1403,24.7,59.0,26.0,0.09,4.0,0.0,2,33,51,123
1404,18.2,42.0,28.0,0.07,3.0,0.0,2,33,49,131
1405,13.6,32.0,29.0,0.07,2.0,0.0,2,34,48,136
1406,10.8,31.0,27.0,0.38,2.0,0.34,2,34,49,139
1407,9.0,32.0,25.0,0.11,7.11,0.0,1,33,51,126
1408,7.6,34.0,16.56,0.12,6.0,0.0,2,33,54,138
1409,7.9,34.0,22.0,0.15,5.0,0.0,1,31,59,126
1410,9.7,36.0,20.0,0.16,6.0,0.0,1,30,65,132
1411,13.8,34.0,18.0,0.18,7.0,0.0,1,29,68,138
1412,14.1,61.0,18.0,0.15,6.0,0.0,1,28,71,139
1413,18.5,60.0,18.0,0.25,6.0,0.0,1,28,72,153
1414,22.7,56.0,18.0,0.16,5.0,0.0,0,28,73,148
1415,17.9,58.0,9.0,0.78,7.0,0.0,0,26,82,246
1416,27.6,64.0,6.0,0.33,6.0,0.0,0,26,84,234
1417,26.2,54.0,8.0,0.28,5.0,0.0,0,25,85,247
1418,29.5,57.0,7.0,0.71,5.0,0.0,0,25,86,277
1419,22.9,46.0,4.0,0.79,7.0,0.0,0,25,86,332
1420,26.3,52.0,1.0,1.05,9.0,0.0,0,25,87,351
1421,23.8,48.0,2.0,0.57,9.0,0.0,0,24,87,274
1422,25.9,52.0,1.0,0.96,10.0,0.0,0,24,89,288
1423,24.7,50.0,3.0,0.9,16.0,0.0,0,25,83,267
1424,33.8,70.0,21.0,0.32,8.0,0.0,1,30,65,139
1425,30.9,61.0,28.0,0.18,4.0,0.0,1,31,56,132
1426,26.2,57.0,28.0,0.17,5.0,0.0,1,32,51,134
1427,20.1,44.0,30.0,0.15,3.0,0.0,1,32,49,112
1428,20.2,46.0,29.0,0.15,2.0,0.0,1,33,48,117
1429,17.9,36.0,29.0,0.38,4.0,0.34,1,34,45,106
1430,14.5,31.0,30.0,0.15,7.11,0.0,1,34,44,126
1431,11.2,26.0,16.56,0.18,5.0,0.0,1,34,46,95
1432,8.5,31.0,24.0,0.18,5.0,0.0,1,34,48,93
1433,6.5,25.0,23.0,0.2,4.0,0.0,1,33,51,89
1434,12.1,19.0,19.0,0.27,7.0,0.0,1,30,59,106
1435,9.4,24.0,16.0,0.28,9.0,0.0,0,29,65,127
1436,8.3,38.0,15.0,0.3,9.0,0.0,0,28,68,134
1437,12.7,43.0,6.0,0.47,13.0,0.0,0,27,78,133
1438,26.4,64.0,3.0,0.71,12.0,0.0,0,26,82,246
1439,33.4,65.0,1.0,0.73,11.0,0.0,0,25,84,282
1440,35.2,71.0,2.0,0.66,11.0,0.0,0,25,84,269
1441,32.6,73.0,5.0,0.49,6.0,0.0,0,25,85,296
1442,31.8,66.0,3.0,0.4,6.0,0.0,0,24,87,221
1443,28.4,57.0,3.0,0.34,5.0,0.0,0,24,88,256
1444,22.5,50.0,3.0,0.35,4.0,0.0,0,24,88,253
1445,20.7,42.0,3.0,0.4,5.0,0.0,0,24,88,252
1446,18.4,36.0,2.0,0.51,8.0,0.0,0,24,88,246
1447,19.4,36.0,2.0,0.87,14.0,0.0,0,25,84,279
1448,23.4,46.0,13.0,0.43,9.0,0.0,0,29,71,183
1449,21.3,51.0,21.0,0.27,6.0,0.0,1,31,63,101
1450,26.2,52.0,22.0,0.2,4.0,0.0,1,33,56,93
1451,22.0,43.0,23.0,0.19,4.0,0.0,2,34,51,75
1452,15.7,41.0,22.0,0.38,2.0,0.34,2,34,50,75
1453,13.6,36.0,22.0,0.17,7.11,0.0,2,34,49,91
1454,10.8,30.0,16.56,0.18,4.0,0.0,2,34,51,75
1455,8.3,30.0,22.0,0.19,4.0,0.0,1,34,49,97
1456,6.7,26.0,21.0,0.2,4.0,0.0,2,34,50,84
1457,5.5,26.0,18.0,0.23,4.0,0.0,1,32,58,93
1458,6.3,27.0,14.0,0.29,7.0,0.0,1,30,64,111
1459,7.4,28.0,16.0,0.29,8.0,0.0,0,29,68,114
1460,10.5,39.0,15.0,0.27,8.0,0.0,0,28,72,118
1461,17.6,48.0,16.0,0.26,6.0,0.0,1,28,73,73
1462,21.2,41.0,12.0,0.31,8.0,0.0,0,27,78,60
1463,18.2,49.0,1.0,0.55,13.0,0.0,0,26,85,230
1464,21.1,55.0,2.0,0.54,11.0,0.0,0,25,86,267
1465,31.6,58.0,5.0,0.47,7.0,0.0,0,25,86,272
1466,32.8,58.0,6.0,0.38,5.0,0.0,0,25,85,280
1467,30.9,54.0,6.0,0.38,5.0,0.0,0,25,85,152
1468,28.8,52.0,3.0,0.43,7.0,0.0,0,25,87,238
1469,23.7,45.0,3.0,0.51,7.0,0.0,0,25,88,293
1470,24.8,51.0,2.0,0.48,7.0,0.0,0,24,88,266
1471,23.4,45.0,2.0,0.85,13.0,0.0,0,26,83,330
1472,30.7,58.0,17.0,0.44,9.0,0.0,0,30,69,50
1473,30.9,56.0,23.0,0.26,5.0,0.0,1,31,63,88
1474,24.2,49.0,26.0,0.22,3.0,0.0,1,33,53,94
1475,22.6,42.0,24.0,0.38,4.0,0.34,1,33,52,102
1476,20.9,40.0,23.0,0.2,7.11,0.0,1,34,47,107
1477,15.8,31.0,16.56,0.2,4.0,0.0,1,34,46,99
1478,12.2,24.0,19.0,0.22,5.0,0.0,1,34,50,98
1479,9.9,23.0,19.0,0.22,3.0,0.0,1,34,52,107
1480,7.8,21.0,18.0,0.29,5.0,0.0,2,33,56,88
1481,6.6,27.0,17.0,0.4,8.0,0.0,1,31,61,94
1482,5.5,26.0,12.0,0.51,12.0,0.0,1,30,66,119
1483,6.5,34.0,11.0,0.37,11.0,0.0,1,29,71,131
1484,8.7,48.0,11.0,0.33,11.0,0.0,0,29,73,136
1485,17.7,53.0,12.0,0.39,10.0,0.0,0,28,74,138
1486,14.7,53.0,6.0,0.51,10.0,0.0,0,27,81,221
1487,21.9,49.0,4.0,0.72,9.0,0.0,0,26,84,241
1488,30.6,59.0,3.0,0.56,7.0,0.0,0,26,86,206
1489,31.1,59.0,4.0,0.65,6.0,0.0,0,26,87,280
1490,28.5,56.0,5.0,0.67,5.0,0.0,0,26,87,185
1491,27.4,54.0,6.0,0.64,5.0,0.0,0,25,87,225
1492,29.5,57.0,3.0,0.35,5.0,0.0,0,25,88,243
1493,30.2,57.0,5.0,0.44,6.0,0.0,0,25,87,188
1494,22.5,45.0,1.0,0.79,9.0,0.0,0,25,89,250
1495,21.9,44.0,7.0,0.48,8.0,0.0,0,26,86,253
1496,27.2,60.0,15.0,0.33,5.0,0.0,0,29,74,116
1497,31.4,63.0,21.0,0.17,3.0,0.0,1,31,61,128
1498,26.8,51.0,25.0,0.38,4.0,0.34,1,32,57,136
1499,23.8,45.0,27.0,0.16,7.11,2.0,2,33,52,134
1500,21.1,40.0,16.56,0.18,3.0,0.0,1,33,52,105
1501,19.5,37.0,26.0,0.16,2.0,0.0,1,33,54,92
1502,15.0,31.0,33.0,0.19,2.0,0.0,2,34,53,98
1503,11.9,28.0,34.0,0.21,3.0,0.0,1,33,56,121
1504,10.8,36.0,33.0,0.2,3.0,0.0,1,33,54,126
1505,9.2,36.0,27.0,0.21,4.0,0.0,1,31,60,134
1506,8.4,30.0,23.0,0.24,7.0,0.0,1,29,67,142
1507,12.8,40.0,19.0,0.27,8.0,0.0,1,29,70,150
1508,10.5,53.0,19.0,0.31,7.0,0.0,0,28,71,151
1509,21.6,50.0,9.0,0.54,10.0,0.0,0,27,79,264
1510,22.9,57.0,9.0,0.53,8.0,0.0,0,27,82,283
1511,29.3,58.0,5.0,0.51,8.0,0.0,0,26,86,244
1512,32.5,66.0,8.0,0.38,5.0,0.0,0,26,85,249
1513,27.7,54.0,9.0,0.29,4.0,0.0,0,26,86,247
1514,25.6,55.0,10.0,0.25,3.0,0.0,1,26,86,244
1515,27.1,57.0,10.0,0.23,3.0,0.0,0,26,85,243
1516,25.5,51.0,4.0,0.33,6.0,0.0,0,25,88,219
1517,24.5,48.0,6.0,0.32,6.0,0.34,0,25,88,226
1518,19.6,47.0,5.0,0.42,10.0,0.0,0,26,86,155
1519,19.4,46.0,5.0,0.59,12.0,0.0,0,26,86,270
1520,32.7,65.0,19.0,0.31,5.0,0.34,1,29,74,260
1521,33.5,66.0,25.0,0.38,4.0,0.34,1,31,62,131
1522,29.4,52.0,28.0,0.19,7.11,0.0,1,32,57,139
1523,21.3,52.0,16.56,0.19,3.0,0.0,1,33,54,121
1524,19.3,40.0,31.0,0.19,2.0,0.0,1,34,50,121
1525,19.0,40.0,31.0,0.2,2.0,0.0,1,35,47,94
1526,13.8,38.0,31.0,0.19,2.0,0.0,2,36,45,78
1527,10.2,31.0,28.0,0.21,4.0,0.0,1,35,48,93
1528,7.9,27.0,26.0,0.22,6.0,0.0,1,34,52,92
1529,9.0,26.0,26.0,0.26,7.0,0.0,1,31,58,113
1530,6.9,20.0,21.0,0.32,8.0,0.0,1,30,65,124
1531,5.1,36.0,20.0,0.28,7.0,0.0,1,29,71,134
1532,12.5,40.0,22.0,0.22,5.0,0.0,0,29,71,142
1533,18.2,44.0,15.0,0.34,7.0,0.0,0,28,76,198
1534,22.8,44.0,7.0,0.57,8.0,0.0,0,26,83,240
1535,25.3,49.0,8.0,0.46,6.0,0.0,0,26,85,235
1536,26.1,51.0,8.0,0.41,5.0,0.0,0,25,86,231
1537,23.0,48.0,6.0,0.38,4.0,0.0,0,25,88,277
1538,26.7,51.0,7.0,0.29,3.0,0.0,0,24,89,253
1539,25.6,50.0,9.0,0.24,3.0,0.0,1,24,88,254
1540,20.9,38.0,9.0,0.27,3.0,0.0,0,24,87,267
1541,16.1,31.0,7.0,0.31,4.0,0.34,0,23,89,323
1542,12.7,26.0,2.0,0.38,7.0,0.0,0,23,90,254
1543,14.6,25.0,6.0,0.53,11.0,0.0,0,24,84,255
1544,11.7,44.0,19.0,0.38,7.0,0.34,0,28,70,253
1545,27.4,56.0,16.56,0.26,7.11,0.0,0,31,60,51
1546,23.5,47.0,16.56,0.2,4.0,0.0,1,33,50,77
1547,20.4,37.0,16.56,0.21,3.0,0.0,1,35,47,76
1548,17.5,33.0,16.0,0.2,3.0,0.0,1,35,42,72
1549,12.7,37.0,16.0,0.22,3.0,0.0,2,36,41,67
1550,9.4,30.0,15.0,0.22,4.0,0.0,2,36,41,78
1551,7.8,31.0,14.0,0.22,4.0,0.0,2,36,42,70
1552,8.8,28.0,13.0,0.24,6.0,0.0,2,35,46,76
1553,10.6,26.0,12.0,0.25,4.0,0.0,1,34,50,80
1554,8.1,25.0,9.0,0.32,8.0,0.0,1,31,60,92
1555,5.9,31.0,8.0,0.3,9.0,0.0,1,30,67,133
1556,15.3,32.0,9.0,0.26,7.0,0.0,0,29,70,134
1557,17.6,40.0,4.0,0.47,10.0,0.0,0,28,78,215
1558,25.2,41.0,3.0,0.6,11.0,0.0,0,27,81,248
1559,34.7,55.0,3.0,0.5,7.0,0.0,1,26,83,247
1560,36.5,61.0,4.0,0.41,4.0,0.0,1,26,83,240
1561,32.5,44.0,4.0,0.36,4.0,0.0,0,25,84,226
1562,25.4,47.0,4.0,0.35,3.0,0.34,0,25,85,225
1563,24.2,45.0,4.0,0.34,3.0,82.0,1,24,86,228
1564,25.9,47.0,4.0,0.34,3.0,79.0,1,24,87,222
1565,20.7,44.0,3.0,0.36,4.0,0.0,1,24,87,217
1566,16.9,34.0,3.0,0.39,6.0,0.0,1,24,87,214
1567,15.2,28.0,2.0,0.38,11.0,0.34,0,24,84,236
1568,19.5,36.0,6.0,0.41,7.11,0.34,1,27,79,238
1569,27.7,55.0,16.56,0.27,5.0,0.0,2,29,73,211
1570,30.9,62.0,14.0,0.26,3.0,0.0,2,31,63,192
1571,27.6,51.0,17.0,0.24,3.0,0.0,2,33,52,201
1572,24.5,47.0,19.0,0.25,3.0,0.0,1,34,49,263
1573,20.6,42.0,21.0,0.28,8.0,0.0,1,36,43,22
1574,15.1,40.0,20.0,0.3,6.0,0.0,1,37,43,45
1575,15.2,39.0,19.0,0.28,3.0,0.0,2,37,44,73
1576,12.0,33.0,20.0,0.28,4.0,0.0,2,36,47,72
1577,14.2,30.0,16.0,0.3,6.0,0.0,1,34,53,77
1578,15.4,31.0,13.0,0.34,8.0,0.0,1,32,61,76
1579,12.4,29.0,12.0,0.38,9.0,0.0,0,31,69,118
1580,13.6,37.0,14.0,0.36,8.0,0.0,0,30,72,135
1581,21.8,38.0,10.0,0.5,9.0,0.0,0,29,78,238
1582,24.2,47.0,6.0,0.56,10.0,0.0,0,28,82,222
1583,24.5,47.0,4.0,0.58,10.0,0.0,0,27,84,224
1584,30.3,53.0,5.0,0.53,6.0,0.0,0,27,85,207
1585,33.8,59.0,3.0,0.58,6.0,0.0,0,26,87,222
1586,30.8,54.0,3.0,0.5,4.0,0.0,0,26,88,246
1587,26.5,51.0,3.0,0.44,4.0,0.0,0,26,87,215
1588,25.2,49.0,2.0,0.42,4.0,0.0,0,25,89,266
1589,20.9,39.0,1.0,0.46,5.0,0.0,0,25,90,257
1590,22.3,41.0,0.0,0.38,6.0,0.34,0,25,91,253
1591,25.3,50.0,1.0,0.74,7.11,0.0,1,26,88,230
1592,30.8,61.0,16.56,0.46,7.0,0.34,1,28,77,208
1593,32.2,65.0,14.0,0.33,5.0,0.0,1,31,67,190
1594,30.8,61.0,18.0,0.33,4.0,0.0,1,33,60,116
1595,28.6,57.0,18.0,0.32,5.0,0.0,1,35,53,82
1596,21.7,42.0,16.0,0.3,4.0,0.0,2,36,50,76
1597,20.6,41.0,15.0,0.28,5.0,0.0,2,36,49,69
1598,18.6,47.0,13.0,0.25,4.0,0.0,2,36,50,80
1599,19.9,38.0,13.0,0.23,3.0,0.0,2,36,48,84
1600,14.9,28.0,13.0,0.24,4.0,0.0,1,36,50,78
1601,15.6,30.0,13.0,0.38,4.0,0.34,1,34,55,81
1602,11.7,23.0,11.0,0.32,6.0,0.0,1,31,65,82
1603,14.1,28.0,9.0,0.33,8.0,0.0,1,30,70,128
1604,13.2,27.0,8.0,0.32,8.0,0.0,1,29,74,154
1605,12.9,26.0,6.0,0.36,8.0,0.0,1,28,78,199
1606,13.6,36.0,4.0,0.41,9.0,0.0,0,27,84,227
1607,20.7,46.0,4.0,0.45,9.0,0.0,1,27,83,205
1608,21.3,51.0,4.0,0.4,7.0,0.0,1,27,84,209
1609,27.4,44.0,2.0,0.42,6.0,0.0,1,26,88,239
1610,21.1,43.0,3.0,0.34,3.0,0.0,1,25,87,227
1611,23.2,37.0,4.0,0.26,3.0,0.0,1,25,85,221
1612,17.8,38.0,4.0,0.26,4.0,0.34,0,25,84,220
1613,14.4,38.0,3.0,0.38,5.0,0.34,0,24,85,288
1614,11.2,32.0,1.0,0.53,7.11,0.0,1,24,86,336
1615,9.2,33.0,16.56,0.62,12.0,0.0,1,26,80,348
1616,12.2,44.0,6.0,0.56,11.0,0.0,1,28,73,304
1617,30.0,70.0,10.0,0.3,5.0,0.0,1,30,68,214
1618,30.8,56.0,10.0,0.22,3.0,0.0,1,32,60,173
1619,23.3,51.0,10.0,0.21,3.0,0.0,1,33,56,157
1620,17.3,37.0,11.0,0.21,4.0,0.0,2,33,55,154
1621,13.1,35.0,11.0,0.22,3.0,0.0,1,33,54,147
1622,12.5,29.0,11.0,0.24,4.0,0.0,1,34,53,139
1623,11.9,33.0,10.0,0.21,4.0,0.0,1,33,54,123
1624,8.8,29.0,10.0,0.22,5.0,0.0,1,32,57,123
1625,9.9,31.0,8.0,0.26,7.0,0.0,1,31,62,126
1626,8.5,24.0,6.0,0.33,9.0,0.0,1,30,68,126
1627,7.1,27.0,5.0,0.31,10.0,0.0,0,29,72,140
1628,7.3,27.0,6.0,0.31,9.0,0.0,0,29,73,149
1629,9.3,32.0,3.0,0.48,12.0,0.0,0,28,80,199
1630,11.3,32.0,2.0,0.73,11.0,0.0,0,27,84,255
1631,16.5,31.0,2.0,0.54,8.0,0.34,0,27,84,296
